{
  "Name": "Volt",
  "ID": "volt",
  "IsMythic": false,
  "WeaponModes": {
    "Default": {
      "Type": "Base",
      "Name": "Default",
      "Ammo": {
        "Type": "Energy",
        "MagazineSize": {
          "Base": 20,
          "Common": 22,
          "Rare": 24,
          "Epic": 27,
          "Legendary": 27
        }
      },
      "Firing": {
        "FireMode": "Automatic",
        "FireRate": {
          "Base": 12
        },
        "Shot": {
          "Projectiles": 1,
          "AmmoConsumed": 1,
          "Speed": 20000,
          "DragCoefficient": 0,
          "GravityMultiplier": 1.05,
          "MaxHeadshotDistance": 1500,
          "ProjectileSize": {
            "InitialSize": 0
          },
          "Damage": {
            "Amount": {
              "Near": 16
            },
            "Distance": {
              "Near": 800,
              "Far": 1500,
              "VeryFar": 3500
            },
            "Multipliers": {
              "Flesh": 1,
              "Shield": 1,
              "Head": 1.25,
              "Leg": 0.8,
              "CriticalHit": 2
            }
          },
          "RecoilPattern": [
            {
              "X": 0,
              "Y": 0
            },
            {
              "X": 0.36,
              "Y": 0.49
            },
            {
              "X": 0.44,
              "Y": 1.07
            },
            {
              "X": 0.33,
              "Y": 1.73
            },
            {
              "X": 0.74,
              "Y": 2.18
            },
            {
              "X": 0.77,
              "Y": 2.9
            },
            {
              "X": 1.34,
              "Y": 3.29
            },
            {
              "X": 1.5,
              "Y": 3.91
            },
            {
              "X": 1.24,
              "Y": 4.5
            },
            {
              "X": 1.68,
              "Y": 4.99
            },
            {
              "X": 1.66,
              "Y": 5.34
            },
            {
              "X": 1.12,
              "Y": 5.47
            },
            {
              "X": 0.54,
              "Y": 5.42
            },
            {
              "X": 0.13,
              "Y": 5.62
            },
            {
              "X": -0.2,
              "Y": 5.88
            },
            {
              "X": -0.03,
              "Y": 6.04
            },
            {
              "X": 0.51,
              "Y": 6.02
            },
            {
              "X": 0.79,
              "Y": 6
            },
            {
              "X": 0.84,
              "Y": 6.19
            },
            {
              "X": 0.61,
              "Y": 6.29
            },
            {
              "X": 0.15,
              "Y": 6.29
            },
            {
              "X": -0.02,
              "Y": 6.38
            },
            {
              "X": -0.23,
              "Y": 6.33
            },
            {
              "X": -0.49,
              "Y": 6.51
            },
            {
              "X": -0.14,
              "Y": 6.61
            },
            {
              "X": -0.34,
              "Y": 6.86
            },
            {
              "X": -1.04,
              "Y": 6.86
            },
            {
              "X": -1.44,
              "Y": 6.85
            }
          ]
        }
      },
      "Handling": {
        "TacReloadTime": {
          "Base": 2,
          "Common": 1.934,
          "Rare": 1.866,
          "Epic": 1.8
        },
        "FullReloadTime": {
          "Base": 2.5,
          "Common": 2.4175,
          "Rare": 2.3325,
          "Epic": 2.25
        },
        "PickupTime": 1,
        "EquipTime": {
          "Base": 0.4,
          "Common": 0.34,
          "Rare": 0.32,
          "Epic": 0.3
        },
        "HolsterTime": {
          "Base": 0.4,
          "Common": 0.34,
          "Rare": 0.32,
          "Epic": 0.3
        },
        "RaiseTime": {
          "Base": 0.3,
          "Common": 0.27,
          "Rare": 0.255,
          "Epic": 0.24
        },
        "LowerTime": {
          "Base": 0.25,
          "Common": 0.225,
          "Rare": 0.2125,
          "Epic": 0.2
        },
        "ZoomInTime": {
          "Base": 0.2,
          "Common": 0.17,
          "Rare": 0.16,
          "Epic": 0.15
        },
        "ZoomOutTime": {
          "Base": 0.2,
          "Common": 0.17,
          "Rare": 0.16,
          "Epic": 0.15
        },
        "AdsMovementSpeedMultiplier": 0.75
      },
      "Spread": {
        "DecayDelay": {
          "Base": 0.15,
          "Common": 0.12,
          "Rare": 0.105,
          "Epic": 0.09
        },
        "DecayRate": {
          "Base": 12,
          "Common": 14.4,
          "Rare": 15.6,
          "Epic": 16.8
        },
        "MovingIncreaseRate": {
          "Base": 3,
          "Common": 2.55,
          "Rare": 2.4,
          "Epic": 2.25
        },
        "MovingDecayRate": {
          "Base": 11.5,
          "Common": 13.225,
          "Rare": 13.8,
          "Epic": 14.375
        },
        "Hipfire": {
          "Standing": {
            "Base": 2,
            "Common": 1.6,
            "Rare": 1.4,
            "Epic": 1.2
          },
          "Walking": {
            "Base": 3,
            "Common": 2.4,
            "Rare": 2.1,
            "Epic": 1.8
          },
          "Sprinting": {
            "Base": 5,
            "Common": 4,
            "Rare": 3.5,
            "Epic": 3
          },
          "Crouching": {
            "Base": 1.6,
            "Common": 1.28,
            "Rare": 1.12,
            "Epic": 0.96
          },
          "InAir": {
            "Base": 7,
            "Common": 5.6,
            "Rare": 4.9,
            "Epic": 4.2
          },
          "Hovering": {
            "Base": 7
          }
        },
        "ADS": {
          "Standing": 0.35,
          "Crouching": 0.25,
          "InAir": 5,
          "Hovering": 0.5
        }
      }
    },
    "Graffiti": {
      "Type": "Hopup",
      "Name": "Graffiti",
      "Ammo": {
        "Type": "Energy",
        "MagazineSize": {
          "Base": 22,
          "Common": 24,
          "Rare": 26,
          "Epic": 29,
          "Legendary": 29
        }
      },
      "Firing": {
        "FireMode": "Automatic",
        "FireRate": {
          "Base": 12
        },
        "Shot": {
          "Projectiles": 1,
          "AmmoConsumed": 1,
          "Speed": 20000,
          "DragCoefficient": 0,
          "GravityMultiplier": 1.05,
          "MaxHeadshotDistance": 1500,
          "ProjectileSize": {
            "InitialSize": 0
          },
          "Damage": {
            "Amount": {
              "Near": 16
            },
            "Distance": {
              "Near": 800,
              "Far": 1500,
              "VeryFar": 3500
            },
            "Multipliers": {
              "Flesh": 1,
              "Shield": 1,
              "Head": 1.25,
              "Leg": 0.8,
              "CriticalHit": 2
            }
          },
          "RecoilPattern": [
            {
              "X": 0,
              "Y": 0
            },
            {
              "X": 0.36,
              "Y": 0.49
            },
            {
              "X": 0.44,
              "Y": 1.07
            },
            {
              "X": 0.33,
              "Y": 1.73
            },
            {
              "X": 0.74,
              "Y": 2.18
            },
            {
              "X": 0.77,
              "Y": 2.9
            },
            {
              "X": 1.34,
              "Y": 3.29
            },
            {
              "X": 1.5,
              "Y": 3.91
            },
            {
              "X": 1.24,
              "Y": 4.5
            },
            {
              "X": 1.68,
              "Y": 4.99
            },
            {
              "X": 1.66,
              "Y": 5.34
            },
            {
              "X": 1.12,
              "Y": 5.47
            },
            {
              "X": 0.54,
              "Y": 5.42
            },
            {
              "X": 0.13,
              "Y": 5.62
            },
            {
              "X": -0.2,
              "Y": 5.88
            },
            {
              "X": -0.03,
              "Y": 6.04
            },
            {
              "X": 0.51,
              "Y": 6.02
            },
            {
              "X": 0.79,
              "Y": 6
            },
            {
              "X": 0.84,
              "Y": 6.19
            },
            {
              "X": 0.61,
              "Y": 6.29
            },
            {
              "X": 0.15,
              "Y": 6.29
            },
            {
              "X": -0.02,
              "Y": 6.38
            },
            {
              "X": -0.23,
              "Y": 6.33
            },
            {
              "X": -0.49,
              "Y": 6.51
            },
            {
              "X": -0.14,
              "Y": 6.61
            },
            {
              "X": -0.34,
              "Y": 6.86
            },
            {
              "X": -1.04,
              "Y": 6.86
            },
            {
              "X": -1.44,
              "Y": 6.85
            }
          ]
        }
      },
      "Handling": {
        "TacReloadTime": {
          "Base": 1.6,
          "Common": 1.5472,
          "Rare": 1.4928,
          "Epic": 1.44
        },
        "FullReloadTime": {
          "Base": 2,
          "Common": 1.934,
          "Rare": 1.866,
          "Epic": 1.8
        },
        "PickupTime": 1,
        "EquipTime": {
          "Base": 0.28,
          "Common": 0.238,
          "Rare": 0.224,
          "Epic": 0.21
        },
        "HolsterTime": {
          "Base": 0.28,
          "Common": 0.238,
          "Rare": 0.224,
          "Epic": 0.21
        },
        "RaiseTime": {
          "Base": 0.22500001,
          "Common": 0.2025,
          "Rare": 0.19125,
          "Epic": 0.18
        },
        "LowerTime": {
          "Base": 0.1875,
          "Common": 0.16875,
          "Rare": 0.15938,
          "Epic": 0.15
        },
        "ZoomInTime": {
          "Base": 0.14,
          "Common": 0.119,
          "Rare": 0.112,
          "Epic": 0.105
        },
        "ZoomOutTime": {
          "Base": 0.14,
          "Common": 0.119,
          "Rare": 0.112,
          "Epic": 0.105
        },
        "AdsMovementSpeedMultiplier": 0.75
      },
      "Spread": {
        "DecayDelay": {
          "Base": 0.15,
          "Common": 0.12,
          "Rare": 0.105,
          "Epic": 0.09
        },
        "DecayRate": {
          "Base": 12,
          "Common": 14.4,
          "Rare": 15.6,
          "Epic": 16.8
        },
        "MovingIncreaseRate": {
          "Base": 3,
          "Common": 2.55,
          "Rare": 2.4,
          "Epic": 2.25
        },
        "MovingDecayRate": {
          "Base": 11.5,
          "Common": 13.225,
          "Rare": 13.8,
          "Epic": 14.375
        },
        "Hipfire": {
          "Standing": {
            "Base": 1.5,
            "Common": 1.2,
            "Rare": 1.05,
            "Epic": 0.9
          },
          "Walking": {
            "Base": 2.6999998,
            "Common": 2.16,
            "Rare": 1.89,
            "Epic": 1.62
          },
          "Sprinting": {
            "Base": 3.75,
            "Common": 3,
            "Rare": 2.625,
            "Epic": 2.25
          },
          "Crouching": {
            "Base": 1.2,
            "Common": 0.96,
            "Rare": 0.84,
            "Epic": 0.72
          },
          "InAir": {
            "Base": 5.25,
            "Common": 4.2,
            "Rare": 3.675,
            "Epic": 3.15
          },
          "Hovering": {
            "Base": 7
          }
        },
        "ADS": {
          "Standing": 0.35,
          "Crouching": 0.25,
          "InAir": 5,
          "Hovering": 0.5
        }
      }
    }
  }
}