{
  "Name": "EVA-8 (Mythic)",
  "ID": "eva8_mythic",
  "IsMythic": true,
  "WeaponModes": {
    "Default": {
      "Type": "Base",
      "Name": "Default",
      "Ammo": {
        "Type": "Shotgun",
        "MagazineSize": {
          "Base": 8
        }
      },
      "Firing": {
        "FireMode": "Automatic",
        "FireRate": {
          "Base": 3
        },
        "Shot": {
          "Projectiles": 8,
          "AmmoConsumed": 1,
          "Speed": 16000,
          "DragCoefficient": 0.001,
          "GravityMultiplier": 1,
          "MaxHeadshotDistance": 1500,
          "ProjectileSize": {
            "InitialSize": 0.6,
            "Step1": {
              "Size": 0.8,
              "Time": 0.025
            },
            "Step2": {
              "Size": 1,
              "Time": 0.1
            },
            "Final": {
              "Size": 1,
              "Time": 0.1
            }
          },
          "Damage": {
            "Amount": {
              "Near": 6
            },
            "Distance": {
              "Near": 250,
              "Far": 850
            },
            "Multipliers": {
              "Flesh": 1,
              "Shield": 1,
              "Head": 1,
              "Leg": 1,
              "CriticalHit": 1
            }
          },
          "BlastPattern": [
            {
              "X": -7,
              "Y": 7
            },
            {
              "X": 0,
              "Y": 11
            },
            {
              "X": 7,
              "Y": 7
            },
            {
              "X": -3.5,
              "Y": 0
            },
            {
              "X": 3.5,
              "Y": 0
            },
            {
              "X": -7,
              "Y": -7
            },
            {
              "X": 0,
              "Y": -11
            },
            {
              "X": 7,
              "Y": -7
            }
          ]
        }
      },
      "Handling": {
        "TacReloadTime": {
          "Base": 2.75
        },
        "FullReloadTime": {
          "Base": 3
        },
        "PickupTime": 1.35,
        "EquipTime": {
          "Base": 0.35
        },
        "HolsterTime": {
          "Base": 0.3
        },
        "RaiseTime": {
          "Base": 0.3
        },
        "LowerTime": {
          "Base": 0.25
        },
        "ZoomInTime": {
          "Base": 0.22
        },
        "ZoomOutTime": {
          "Base": 0.2
        },
        "AdsMovementSpeedMultiplier": 0.9
      },
      "Spread": {
        "DecayDelay": {
          "Base": 0
        },
        "DecayRate": {
          "Base": 500
        },
        "MovingIncreaseRate": {},
        "MovingDecayRate": {},
        "Hipfire": {
          "Standing": {
            "Base": 1
          },
          "Walking": {
            "Base": 1
          },
          "Sprinting": {
            "Base": 1
          },
          "Crouching": {
            "Base": 1
          },
          "InAir": {
            "Base": 1
          },
          "Hovering": {}
        },
        "ADS": {
          "Standing": 1,
          "Crouching": 1,
          "InAir": 1
        }
      }
    },
    "Double Tap": {
      "Type": "Hopup",
      "Name": "Double Tap",
      "Ammo": {
        "Type": "Shotgun",
        "MagazineSize": {
          "Base": 8
        }
      },
      "Firing": {
        "FireMode": "Burst Fire",
        "BurstCount": 2,
        "BurstDelay": 0.65,
        "FireRate": {
          "Base": 7
        },
        "Shot": {
          "Projectiles": 8,
          "AmmoConsumed": 1,
          "Speed": 16000,
          "DragCoefficient": 0.001,
          "GravityMultiplier": 1,
          "MaxHeadshotDistance": 1500,
          "ProjectileSize": {
            "InitialSize": 0.6,
            "Step1": {
              "Size": 0.8,
              "Time": 0.025
            },
            "Step2": {
              "Size": 1,
              "Time": 0.1
            },
            "Final": {
              "Size": 1,
              "Time": 0.1
            }
          },
          "Damage": {
            "Amount": {
              "Near": 6
            },
            "Distance": {
              "Near": 250,
              "Far": 850
            },
            "Multipliers": {
              "Flesh": 1,
              "Shield": 1,
              "Head": 1,
              "Leg": 1,
              "CriticalHit": 1
            }
          },
          "BlastPattern": [
            {
              "X": -7,
              "Y": 7
            },
            {
              "X": 0,
              "Y": 11
            },
            {
              "X": 7,
              "Y": 7
            },
            {
              "X": -3.5,
              "Y": 0
            },
            {
              "X": 3.5,
              "Y": 0
            },
            {
              "X": -7,
              "Y": -7
            },
            {
              "X": 0,
              "Y": -11
            },
            {
              "X": 7,
              "Y": -7
            }
          ],
          "RecoilPattern": [
            {
              "X": 0,
              "Y": 0
            },
            {
              "X": 0.12,
              "Y": 0.68
            },
            {
              "X": 0.71,
              "Y": 1.99
            }
          ]
        }
      },
      "Handling": {
        "TacReloadTime": {
          "Base": 2.75
        },
        "FullReloadTime": {
          "Base": 3
        },
        "PickupTime": 1.35,
        "EquipTime": {
          "Base": 0.35
        },
        "HolsterTime": {
          "Base": 0.3
        },
        "RaiseTime": {
          "Base": 0.3
        },
        "LowerTime": {
          "Base": 0.25
        },
        "ZoomInTime": {
          "Base": 0.22
        },
        "ZoomOutTime": {
          "Base": 0.2
        },
        "AdsMovementSpeedMultiplier": 0.9
      },
      "Spread": {
        "DecayDelay": {
          "Base": 0
        },
        "DecayRate": {
          "Base": 500
        },
        "MovingIncreaseRate": {},
        "MovingDecayRate": {},
        "Hipfire": {
          "Standing": {
            "Base": 1
          },
          "Walking": {
            "Base": 1
          },
          "Sprinting": {
            "Base": 1
          },
          "Crouching": {
            "Base": 1
          },
          "InAir": {
            "Base": 1
          },
          "Hovering": {}
        },
        "ADS": {
          "Standing": 1,
          "Crouching": 1,
          "InAir": 1
        }
      }
    }
  }
}