{
  "Name": "EVA-8",
  "ID": "eva8",
  "IsMythic": false,
  "WeaponModes": {
    "Default": {
      "Type": "Base",
      "Name": "Default",
      "Ammo": {
        "Type": "Shotgun",
        "MagazineSize": {
          "Base": 8
        }
      },
      "Firing": {
        "FireMode": "Automatic",
        "FireRate": {
          "Base": 2.8,
          "Common": 3.024,
          "Rare": 3.22,
          "Epic": 3.36
        },
        "Shot": {
          "Projectiles": 8,
          "AmmoConsumed": 1,
          "Speed": 16000,
          "DragCoefficient": 0.001,
          "GravityMultiplier": 1,
          "MaxHeadshotDistance": 1500,
          "ProjectileSize": {
            "InitialSize": 0.4,
            "Step1": {
              "Size": 0.6,
              "Time": 0.025
            },
            "Step2": {
              "Size": 1,
              "Time": 0.1
            },
            "Final": {
              "Size": 1,
              "Time": 0.1
            }
          },
          "Damage": {
            "Amount": {
              "Near": 7
            },
            "Distance": {
              "Near": 250,
              "Far": 850
            },
            "Multipliers": {
              "Flesh": 1,
              "Shield": 1,
              "Head": 1,
              "Leg": 1,
              "CriticalHit": 1
            }
          },
          "BlastPattern": [
            {
              "X": -7,
              "Y": 7
            },
            {
              "X": 0,
              "Y": 11
            },
            {
              "X": 7,
              "Y": 7
            },
            {
              "X": -3.5,
              "Y": 0
            },
            {
              "X": 3.5,
              "Y": 0
            },
            {
              "X": -7,
              "Y": -7
            },
            {
              "X": 0,
              "Y": -11
            },
            {
              "X": 7,
              "Y": -7
            }
          ]
        }
      },
      "Handling": {
        "TacReloadTime": {
          "Base": 2.75,
          "Common": 2.65925,
          "Rare": 2.56575,
          "Epic": 2.475
        },
        "FullReloadTime": {
          "Base": 3,
          "Common": 2.901,
          "Rare": 2.799,
          "Epic": 2.7
        },
        "PickupTime": 1.35,
        "EquipTime": {
          "Base": 0.45,
          "Common": 0.3825,
          "Rare": 0.36,
          "Epic": 0.3375
        },
        "HolsterTime": {
          "Base": 0.4,
          "Common": 0.34,
          "Rare": 0.32,
          "Epic": 0.3
        },
        "RaiseTime": {
          "Base": 0.3,
          "Common": 0.27,
          "Rare": 0.255,
          "Epic": 0.24
        },
        "LowerTime": {
          "Base": 0.25,
          "Common": 0.225,
          "Rare": 0.2125,
          "Epic": 0.2
        },
        "ZoomInTime": {
          "Base": 0.22,
          "Common": 0.187,
          "Rare": 0.176,
          "Epic": 0.165
        },
        "ZoomOutTime": {
          "Base": 0.2,
          "Common": 0.17,
          "Rare": 0.16,
          "Epic": 0.15
        },
        "AdsMovementSpeedMultiplier": 0.9
      },
      "Spread": {
        "DecayDelay": {
          "Base": 0
        },
        "DecayRate": {
          "Base": 500
        },
        "MovingIncreaseRate": {},
        "MovingDecayRate": {},
        "Hipfire": {
          "Standing": {
            "Base": 1.2
          },
          "Walking": {
            "Base": 1.2
          },
          "Sprinting": {
            "Base": 1.2
          },
          "Crouching": {
            "Base": 1.2
          },
          "InAir": {
            "Base": 1.2
          },
          "Hovering": {}
        },
        "ADS": {
          "Standing": 1.2,
          "Crouching": 1.2,
          "InAir": 1.2
        }
      }
    },
    "Double Tap": {
      "Type": "Hopup",
      "Name": "Double Tap",
      "Ammo": {
        "Type": "Shotgun",
        "MagazineSize": {
          "Base": 8
        }
      },
      "Firing": {
        "FireMode": "Burst Fire",
        "BurstCount": 2,
        "BurstDelay": 0.65,
        "FireRate": {
          "Base": 7,
          "Common": 7.56,
          "Rare": 8.05,
          "Epic": 8.4
        },
        "Shot": {
          "Projectiles": 8,
          "AmmoConsumed": 1,
          "Speed": 16000,
          "DragCoefficient": 0.001,
          "GravityMultiplier": 1,
          "MaxHeadshotDistance": 1500,
          "ProjectileSize": {
            "InitialSize": 0.4,
            "Step1": {
              "Size": 0.6,
              "Time": 0.025
            },
            "Step2": {
              "Size": 1,
              "Time": 0.1
            },
            "Final": {
              "Size": 1,
              "Time": 0.1
            }
          },
          "Damage": {
            "Amount": {
              "Near": 7
            },
            "Distance": {
              "Near": 250,
              "Far": 850
            },
            "Multipliers": {
              "Flesh": 1,
              "Shield": 1,
              "Head": 1,
              "Leg": 1,
              "CriticalHit": 1
            }
          },
          "BlastPattern": [
            {
              "X": -7,
              "Y": 7
            },
            {
              "X": 0,
              "Y": 11
            },
            {
              "X": 7,
              "Y": 7
            },
            {
              "X": -3.5,
              "Y": 0
            },
            {
              "X": 3.5,
              "Y": 0
            },
            {
              "X": -7,
              "Y": -7
            },
            {
              "X": 0,
              "Y": -11
            },
            {
              "X": 7,
              "Y": -7
            }
          ],
          "RecoilPattern": [
            {
              "X": 0,
              "Y": 0
            },
            {
              "X": 0.12,
              "Y": 0.68
            },
            {
              "X": 0.71,
              "Y": 1.99
            }
          ]
        }
      },
      "Handling": {
        "TacReloadTime": {
          "Base": 2.75,
          "Common": 2.65925,
          "Rare": 2.56575,
          "Epic": 2.475
        },
        "FullReloadTime": {
          "Base": 3,
          "Common": 2.901,
          "Rare": 2.799,
          "Epic": 2.7
        },
        "PickupTime": 1.35,
        "EquipTime": {
          "Base": 0.45,
          "Common": 0.3825,
          "Rare": 0.36,
          "Epic": 0.3375
        },
        "HolsterTime": {
          "Base": 0.4,
          "Common": 0.34,
          "Rare": 0.32,
          "Epic": 0.3
        },
        "RaiseTime": {
          "Base": 0.3,
          "Common": 0.27,
          "Rare": 0.255,
          "Epic": 0.24
        },
        "LowerTime": {
          "Base": 0.25,
          "Common": 0.225,
          "Rare": 0.2125,
          "Epic": 0.2
        },
        "ZoomInTime": {
          "Base": 0.22,
          "Common": 0.187,
          "Rare": 0.176,
          "Epic": 0.165
        },
        "ZoomOutTime": {
          "Base": 0.2,
          "Common": 0.17,
          "Rare": 0.16,
          "Epic": 0.15
        },
        "AdsMovementSpeedMultiplier": 0.9
      },
      "Spread": {
        "DecayDelay": {
          "Base": 0
        },
        "DecayRate": {
          "Base": 500
        },
        "MovingIncreaseRate": {},
        "MovingDecayRate": {},
        "Hipfire": {
          "Standing": {
            "Base": 1.2
          },
          "Walking": {
            "Base": 1.2
          },
          "Sprinting": {
            "Base": 1.2
          },
          "Crouching": {
            "Base": 1.2
          },
          "InAir": {
            "Base": 1.2
          },
          "Hovering": {}
        },
        "ADS": {
          "Standing": 1.2,
          "Crouching": 1.2,
          "InAir": 1.2
        }
      }
    }
  }
}