{
  "Name": "RE-45 Burst",
  "ID": "re45burst",
  "IsMythic": false,
  "WeaponModes": {
    "Default": {
      "Type": "Base",
      "Name": "Default",
      "Ammo": {
        "Type": "Energy",
        "MagazineSize": {
          "Base": 15,
          "Common": 18,
          "Rare": 21,
          "Epic": 27,
          "Legendary": 27
        }
      },
      "Firing": {
        "FireMode": "Burst Fire",
        "BurstCount": 3,
        "BurstDelay": 0.16,
        "FireRate": {
          "Base": 25
        },
        "ChargeTime": 0.4,
        "Shot": {
          "Projectiles": 1,
          "AmmoConsumed": 1,
          "Speed": 22000,
          "DragCoefficient": 0,
          "GravityMultiplier": 1.05,
          "MaxHeadshotDistance": 1500,
          "ProjectileSize": {
            "InitialSize": 0.4,
            "Step1": {
              "Size": 0.2,
              "Time": 0.07
            },
            "Step2": {
              "Size": 0,
              "Time": 0.12
            }
          },
          "Damage": {
            "Amount": {
              "Near": 17
            },
            "Distance": {
              "Near": 700,
              "Far": 1200,
              "VeryFar": 1700
            },
            "Multipliers": {
              "Flesh": 1,
              "Shield": 1,
              "Head": 1.25,
              "Leg": 0.9,
              "CriticalHit": 2
            }
          },
          "RecoilPattern": [
            {
              "X": 0,
              "Y": 0
            },
            {
              "X": -0,
              "Y": 0.51
            },
            {
              "X": -0.09,
              "Y": 1
            },
            {
              "X": -0.25,
              "Y": 1.48
            },
            {
              "X": -0.39,
              "Y": 1.98
            },
            {
              "X": -0.31,
              "Y": 2.43
            },
            {
              "X": -0.12,
              "Y": 2.93
            },
            {
              "X": -0.04,
              "Y": 3.42
            },
            {
              "X": 0.02,
              "Y": 3.9
            },
            {
              "X": 0.24,
              "Y": 4.26
            },
            {
              "X": 0.46,
              "Y": 4.76
            },
            {
              "X": 0.46,
              "Y": 5.35
            },
            {
              "X": 0.25,
              "Y": 5.84
            },
            {
              "X": 0.02,
              "Y": 6.2
            },
            {
              "X": -0.22,
              "Y": 6.61
            },
            {
              "X": -0.29,
              "Y": 7.11
            },
            {
              "X": -0.52,
              "Y": 7.48
            },
            {
              "X": -0.56,
              "Y": 7.91
            },
            {
              "X": -0.52,
              "Y": 8.31
            },
            {
              "X": -0.48,
              "Y": 8.82
            },
            {
              "X": -0.22,
              "Y": 9.26
            },
            {
              "X": -0.02,
              "Y": 9.71
            },
            {
              "X": 0.32,
              "Y": 10.06
            },
            {
              "X": 0.58,
              "Y": 10.36
            },
            {
              "X": 0.91,
              "Y": 10.83
            },
            {
              "X": 1.06,
              "Y": 11.23
            },
            {
              "X": 1.11,
              "Y": 11.65
            }
          ]
        }
      },
      "Handling": {
        "TacReloadTime": {
          "Base": 1.9
        },
        "FullReloadTime": {
          "Base": 2.3
        },
        "PickupTime": 1.1,
        "EquipTime": {
          "Base": 0.315
        },
        "HolsterTime": {
          "Base": 0.27
        },
        "RaiseTime": {
          "Base": 0.27
        },
        "LowerTime": {
          "Base": 0.225
        },
        "ZoomInTime": {
          "Base": 0.18
        },
        "ZoomOutTime": {
          "Base": 0.16
        },
        "AdsMovementSpeedMultiplier": 1
      },
      "Spread": {
        "DecayDelay": {
          "Base": 0.2,
          "Common": 0.16,
          "Rare": 0.14,
          "Epic": 0.12,
          "Legendary": 0.4
        },
        "DecayRate": {
          "Base": 2.5,
          "Common": 3,
          "Rare": 3.25,
          "Epic": 3.5
        },
        "MovingIncreaseRate": {
          "Base": 5.5,
          "Common": 4.675,
          "Rare": 4.4,
          "Epic": 4.125
        },
        "MovingDecayRate": {
          "Base": 12,
          "Common": 13.8,
          "Rare": 14.4,
          "Epic": 15
        },
        "Hipfire": {
          "Standing": {
            "Base": 2,
            "Common": 1.6,
            "Rare": 1.4,
            "Epic": 1.2,
            "Legendary": 1.2
          },
          "Walking": {
            "Base": 3,
            "Common": 2.4,
            "Rare": 2.1,
            "Epic": 1.8,
            "Legendary": 1.8
          },
          "Sprinting": {
            "Base": 4.8,
            "Common": 3.84,
            "Rare": 3.36,
            "Epic": 2.88,
            "Legendary": 2.88
          },
          "Crouching": {
            "Base": 1.6,
            "Common": 1.28,
            "Rare": 1.12,
            "Epic": 0.96,
            "Legendary": 0.96
          },
          "InAir": {
            "Base": 6.5,
            "Common": 5.2,
            "Rare": 4.55,
            "Epic": 3.9,
            "Legendary": 3.9
          },
          "Hovering": {
            "Base": 8
          }
        },
        "ADS": {
          "Standing": 0,
          "Crouching": 0,
          "InAir": 2,
          "Hovering": 0.2
        }
      }
    }
  }
}