{
  "Name": "C.A.R",
  "ID": "car",
  "IsMythic": false,
  "WeaponModes": {
    "Default": {
      "Type": "Base",
      "Name": "Default",
      "Ammo": {
        "Type": "Heavy",
        "MagazineSize": {
          "Base": 20,
          "Common": 23,
          "Rare": 25,
          "Epic": 28,
          "Legendary": 28
        }
      },
      "Firing": {
        "FireMode": "Automatic",
        "FireRate": {
          "Base": 15.5
        },
        "Shot": {
          "Projectiles": 1,
          "AmmoConsumed": 1,
          "Speed": 18000,
          "DragCoefficient": 0.0025,
          "GravityMultiplier": 1.15,
          "MaxHeadshotDistance": 1500,
          "ProjectileSize": {
            "InitialSize": 0
          },
          "Damage": {
            "Amount": {
              "Near": 14
            },
            "Distance": {
              "Near": 800,
              "Far": 1500,
              "VeryFar": 3500
            },
            "Multipliers": {
              "Flesh": 1,
              "Shield": 1,
              "Head": 1.25,
              "Leg": 0.8,
              "CriticalHit": 2
            }
          },
          "RecoilPattern": [
            {
              "X": 0,
              "Y": 0
            },
            {
              "X": -0.03,
              "Y": 0.561
            },
            {
              "X": -0.3,
              "Y": 1.1110001
            },
            {
              "X": -0.36,
              "Y": 1.661
            },
            {
              "X": -0.76,
              "Y": 2.277
            },
            {
              "X": -0.79,
              "Y": 2.871
            },
            {
              "X": -1.16,
              "Y": 3.575
            },
            {
              "X": -1.51,
              "Y": 4.059
            },
            {
              "X": -1.48,
              "Y": 4.763
            },
            {
              "X": -0.95,
              "Y": 5.379
            },
            {
              "X": -0.87,
              "Y": 6.0610003
            },
            {
              "X": -0.55,
              "Y": 6.3139997
            },
            {
              "X": -0.07,
              "Y": 6.226
            },
            {
              "X": 0.29,
              "Y": 6.27
            },
            {
              "X": 0.43,
              "Y": 6.567
            },
            {
              "X": -0.04,
              "Y": 6.809
            },
            {
              "X": -0.64,
              "Y": 6.787
            },
            {
              "X": -1.07,
              "Y": 6.9960003
            },
            {
              "X": -0.8,
              "Y": 7.227
            },
            {
              "X": -0.3,
              "Y": 7.293
            },
            {
              "X": 0.04,
              "Y": 7.227
            },
            {
              "X": 0.53,
              "Y": 7.139
            },
            {
              "X": 0.74,
              "Y": 7.2050004
            },
            {
              "X": 0.73,
              "Y": 7.458
            },
            {
              "X": 0.5,
              "Y": 7.7110004
            },
            {
              "X": 0.22,
              "Y": 7.7660003
            },
            {
              "X": 0.18,
              "Y": 8.151
            },
            {
              "X": -0.12,
              "Y": 8.437
            },
            {
              "X": -0.38,
              "Y": 8.657
            },
            {
              "X": -0.21,
              "Y": 8.998
            }
          ]
        }
      },
      "Handling": {
        "TacReloadTime": {
          "Base": 1.7,
          "Common": 1.6439,
          "Rare": 1.5861,
          "Epic": 1.53
        },
        "FullReloadTime": {
          "Base": 2.13,
          "Common": 2.05971,
          "Rare": 1.98729,
          "Epic": 1.917
        },
        "PickupTime": 1.1,
        "EquipTime": {
          "Base": 0.4,
          "Common": 0.34,
          "Rare": 0.32,
          "Epic": 0.3
        },
        "HolsterTime": {
          "Base": 0.3,
          "Common": 0.255,
          "Rare": 0.24,
          "Epic": 0.225
        },
        "RaiseTime": {
          "Base": 0.3,
          "Common": 0.27,
          "Rare": 0.255,
          "Epic": 0.24
        },
        "LowerTime": {
          "Base": 0.25,
          "Common": 0.225,
          "Rare": 0.2125,
          "Epic": 0.2
        },
        "ZoomInTime": {
          "Base": 0.2,
          "Common": 0.17,
          "Rare": 0.16,
          "Epic": 0.15
        },
        "ZoomOutTime": {
          "Base": 0.2,
          "Common": 0.17,
          "Rare": 0.16,
          "Epic": 0.15
        },
        "AdsMovementSpeedMultiplier": 0.75
      },
      "Spread": {
        "DecayDelay": {
          "Base": 0.15,
          "Common": 0.12,
          "Rare": 0.105,
          "Epic": 0.09,
          "Legendary": 0.3
        },
        "DecayRate": {
          "Base": 12,
          "Common": 14.4,
          "Rare": 15.6,
          "Epic": 16.8
        },
        "MovingIncreaseRate": {
          "Base": 3,
          "Common": 2.55,
          "Rare": 2.4,
          "Epic": 2.25
        },
        "MovingDecayRate": {
          "Base": 10.5,
          "Common": 12.075,
          "Rare": 12.6,
          "Epic": 13.125
        },
        "Hipfire": {
          "Standing": {
            "Base": 2,
            "Common": 1.6,
            "Rare": 1.4,
            "Epic": 1.2,
            "Legendary": 1.2
          },
          "Walking": {
            "Base": 3,
            "Common": 2.4,
            "Rare": 2.1,
            "Epic": 1.8,
            "Legendary": 1.8
          },
          "Sprinting": {
            "Base": 5,
            "Common": 4,
            "Rare": 3.5,
            "Epic": 3,
            "Legendary": 3
          },
          "Crouching": {
            "Base": 1.6,
            "Common": 1.28,
            "Rare": 1.12,
            "Epic": 0.96,
            "Legendary": 0.96
          },
          "InAir": {
            "Base": 7,
            "Common": 5.6,
            "Rare": 4.9,
            "Epic": 4.2,
            "Legendary": 4.2
          },
          "Hovering": {
            "Base": 7
          }
        },
        "ADS": {
          "Standing": 0.35,
          "Crouching": 0.25,
          "InAir": 5,
          "Hovering": 0.5
        }
      }
    }
  }
}