{
  "Name": "L-STAR",
  "ID": "lstar",
  "IsMythic": false,
  "WeaponModes": {
    "Default": {
      "Type": "Base",
      "Name": "Default",
      "Ammo": {
        "Type": "Energy",
        "MagazineSize": {
          "Base": 0
        }
      },
      "Firing": {
        "FireMode": "Charged Automatic",
        "FireRate": {
          "Base": 10
        },
        "ChargeTime": 2.2,
        "Shot": {
          "Projectiles": 1,
          "AmmoConsumed": 1,
          "Speed": 24000,
          "DragCoefficient": 0,
          "GravityMultiplier": 0.5,
          "MaxHeadshotDistance": 2250,
          "ProjectileSize": {
            "InitialSize": 0,
            "Step1": {
              "Size": 0.1,
              "Time": 0.03
            },
            "Step2": {
              "Size": 0.2,
              "Time": 0.065
            },
            "Final": {
              "Size": 0.4,
              "Time": 0.14
            }
          },
          "Damage": {
            "Amount": {
              "Near": 19
            },
            "Distance": {
              "Near": 1500,
              "Far": 2500,
              "VeryFar": 5000
            },
            "Multipliers": {
              "Flesh": 1,
              "Shield": 1,
              "Head": 1.25,
              "Leg": 0.85,
              "CriticalHit": 1.5
            }
          },
          "RecoilPattern": [
            {
              "X": 0,
              "Y": 0
            },
            {
              "X": -0.2,
              "Y": 0.55200005
            },
            {
              "X": -0.5,
              "Y": 0.78000003
            },
            {
              "X": -0.86,
              "Y": 1.248
            },
            {
              "X": -0.75,
              "Y": 1.7400001
            },
            {
              "X": -0.44,
              "Y": 1.98
            },
            {
              "X": -0.3,
              "Y": 2.424
            },
            {
              "X": -0.49,
              "Y": 2.508
            },
            {
              "X": -0.17,
              "Y": 2.94
            },
            {
              "X": -0.39,
              "Y": 3.048
            },
            {
              "X": -0.3,
              "Y": 3.444
            },
            {
              "X": -0.45,
              "Y": 3.96
            },
            {
              "X": -0.01,
              "Y": 4.5
            },
            {
              "X": -0.24,
              "Y": 4.932
            },
            {
              "X": -0.19,
              "Y": 5.4120007
            },
            {
              "X": 0.22,
              "Y": 5.8080006
            },
            {
              "X": -0.04,
              "Y": 6.216
            },
            {
              "X": 0.24,
              "Y": 6.6480002
            },
            {
              "X": -0.05,
              "Y": 6.9840007
            },
            {
              "X": -0.11,
              "Y": 7.296
            },
            {
              "X": 0.22,
              "Y": 7.5840006
            },
            {
              "X": 0.15,
              "Y": 8.088
            },
            {
              "X": 0.42,
              "Y": 8.424001
            },
            {
              "X": 0.63,
              "Y": 8.820001
            },
            {
              "X": 0.59,
              "Y": 9.24
            },
            {
              "X": 0.31,
              "Y": 9.54
            },
            {
              "X": 0.38,
              "Y": 9.960001
            }
          ]
        }
      },
      "Handling": {
        "TacReloadTime": {
          "Base": 3.26,
          "Common": 3.15242,
          "Rare": 3.04158,
          "Epic": 2.934
        },
        "FullReloadTime": {
          "Base": 3.26,
          "Common": 3.15242,
          "Rare": 3.04158,
          "Epic": 2.934
        },
        "PickupTime": 1.45,
        "EquipTime": {
          "Base": 0.8,
          "Common": 0.68,
          "Rare": 0.64,
          "Epic": 0.6
        },
        "HolsterTime": {
          "Base": 0.75,
          "Common": 0.6375,
          "Rare": 0.6,
          "Epic": 0.5625
        },
        "RaiseTime": {
          "Base": 0.65,
          "Common": 0.585,
          "Rare": 0.5525,
          "Epic": 0.52
        },
        "LowerTime": {
          "Base": 0.6,
          "Common": 0.54,
          "Rare": 0.51,
          "Epic": 0.48
        },
        "ZoomInTime": {
          "Base": 0.34,
          "Common": 0.289,
          "Rare": 0.272,
          "Epic": 0.255
        },
        "ZoomOutTime": {
          "Base": 0.3,
          "Common": 0.255,
          "Rare": 0.24,
          "Epic": 0.225
        },
        "AdsMovementSpeedMultiplier": 0.4
      },
      "Spread": {
        "DecayDelay": {
          "Base": 0.3
        },
        "DecayRate": {
          "Base": 10
        },
        "MovingIncreaseRate": {},
        "MovingDecayRate": {},
        "Hipfire": {
          "Standing": {
            "Base": 2.5
          },
          "Walking": {
            "Base": 3
          },
          "Sprinting": {
            "Base": 4
          },
          "Crouching": {
            "Base": 2.25
          },
          "InAir": {
            "Base": 5
          },
          "Hovering": {
            "Base": 5
          }
        },
        "ADS": {
          "Standing": 0,
          "Crouching": 0,
          "InAir": 6,
          "Hovering": 0.6
        }
      }
    }
  }
}