{
  "Name": "G7 Scout (Mythic)",
  "ID": "g7scout_mythic",
  "IsMythic": true,
  "WeaponModes": {
    "Default": {
      "Type": "Base",
      "Name": "Default",
      "Ammo": {
        "Type": "Light",
        "MagazineSize": {
          "Base": 20
        }
      },
      "Firing": {
        "FireMode": "Semi Automatic",
        "FireRate": {
          "Base": 4.5
        },
        "Shot": {
          "Projectiles": 1,
          "AmmoConsumed": 1,
          "Speed": 31500,
          "DragCoefficient": 0.0033,
          "GravityMultiplier": 1.4,
          "MaxHeadshotDistance": 17716,
          "ProjectileSize": {
            "InitialSize": 0,
            "Step1": {
              "Size": 0.25,
              "Time": 0.11
            },
            "Step2": {
              "Size": 0.5,
              "Time": 0.24
            },
            "Final": {
              "Size": 0.5,
              "Time": 0.01
            }
          },
          "Damage": {
            "Amount": {
              "Near": 34
            },
            "Distance": {
              "Near": 1000,
              "Far": 2500,
              "VeryFar": 5000
            },
            "Multipliers": {
              "Flesh": 1,
              "Shield": 1,
              "Head": 1.8,
              "Leg": 0.75,
              "CriticalHit": null
            }
          },
          "RecoilPattern": [
            {
              "X": 0,
              "Y": 0
            },
            {
              "X": -0.01,
              "Y": 0.97
            },
            {
              "X": -0,
              "Y": 1.91
            },
            {
              "X": -0.18,
              "Y": 2.98
            },
            {
              "X": -0.4,
              "Y": 4.51
            },
            {
              "X": -0.58,
              "Y": 5.97
            },
            {
              "X": -0.47,
              "Y": 7.39
            },
            {
              "X": -0.48,
              "Y": 8.83
            },
            {
              "X": -0.67,
              "Y": 10.26
            },
            {
              "X": -0.59,
              "Y": 11.63
            },
            {
              "X": -0.55,
              "Y": 12.99
            }
          ]
        }
      },
      "Handling": {
        "TacReloadTime": {
          "Base": 2.4
        },
        "FullReloadTime": {
          "Base": 3
        },
        "PickupTime": 1.42,
        "EquipTime": {
          "Base": 0.6
        },
        "HolsterTime": {
          "Base": 0.5
        },
        "RaiseTime": {
          "Base": 0.4
        },
        "LowerTime": {
          "Base": 0.35
        },
        "ZoomInTime": {
          "Base": 0.32
        },
        "ZoomOutTime": {
          "Base": 0.25
        },
        "AdsMovementSpeedMultiplier": 0.425
      },
      "Spread": {
        "DecayDelay": {
          "Base": 0.24
        },
        "DecayRate": {
          "Base": 6
        },
        "MovingIncreaseRate": {
          "Base": 5
        },
        "MovingDecayRate": {
          "Base": 16.25
        },
        "Hipfire": {
          "Standing": {
            "Base": 3
          },
          "Walking": {
            "Base": 6.25
          },
          "Sprinting": {
            "Base": 7.5
          },
          "Crouching": {
            "Base": 2.25
          },
          "InAir": {
            "Base": 7
          },
          "Hovering": {
            "Base": 7
          }
        },
        "ADS": {
          "Standing": 0,
          "Crouching": 0,
          "InAir": 6,
          "Hovering": 0.6
        }
      }
    },
    "Double Tap": {
      "Type": "Hopup",
      "Name": "Double Tap",
      "Ammo": {
        "Type": "Light",
        "MagazineSize": {
          "Base": 20
        }
      },
      "Firing": {
        "FireMode": "Burst Fire",
        "BurstCount": 2,
        "BurstDelay": 0.375,
        "FireRate": {
          "Base": 10
        },
        "Shot": {
          "Projectiles": 1,
          "AmmoConsumed": 1,
          "Speed": 31500,
          "DragCoefficient": 0.0033,
          "GravityMultiplier": 1.4,
          "MaxHeadshotDistance": 17716,
          "ProjectileSize": {
            "InitialSize": 0,
            "Step1": {
              "Size": 0.25,
              "Time": 0.11
            },
            "Step2": {
              "Size": 0.5,
              "Time": 0.24
            },
            "Final": {
              "Size": 0.5,
              "Time": 0.01
            }
          },
          "Damage": {
            "Amount": {
              "Near": 34
            },
            "Distance": {
              "Near": 1000,
              "Far": 2500,
              "VeryFar": 5000
            },
            "Multipliers": {
              "Flesh": 1,
              "Shield": 1,
              "Head": 1.8,
              "Leg": 0.75,
              "CriticalHit": null
            }
          },
          "RecoilPattern": [
            {
              "X": 0,
              "Y": 0
            },
            {
              "X": -0.04,
              "Y": 0.48
            },
            {
              "X": -0.19,
              "Y": 1.42
            },
            {
              "X": -0.23,
              "Y": 1.9
            },
            {
              "X": -0.08,
              "Y": 3.19
            },
            {
              "X": -0.12,
              "Y": 3.67
            },
            {
              "X": -0.65,
              "Y": 4.95
            },
            {
              "X": -0.69,
              "Y": 5.43
            },
            {
              "X": -0.13,
              "Y": 6.91
            },
            {
              "X": -0.17,
              "Y": 7.39
            },
            {
              "X": -1.19,
              "Y": 9.01
            },
            {
              "X": -1.23,
              "Y": 9.49
            }
          ]
        }
      },
      "Handling": {
        "TacReloadTime": {
          "Base": 2.4
        },
        "FullReloadTime": {
          "Base": 3
        },
        "PickupTime": 1.42,
        "EquipTime": {
          "Base": 0.6
        },
        "HolsterTime": {
          "Base": 0.5
        },
        "RaiseTime": {
          "Base": 0.4
        },
        "LowerTime": {
          "Base": 0.35
        },
        "ZoomInTime": {
          "Base": 0.32
        },
        "ZoomOutTime": {
          "Base": 0.25
        },
        "AdsMovementSpeedMultiplier": 0.425
      },
      "Spread": {
        "DecayDelay": {
          "Base": 0.24
        },
        "DecayRate": {
          "Base": 6
        },
        "MovingIncreaseRate": {
          "Base": 5
        },
        "MovingDecayRate": {
          "Base": 16.25
        },
        "Hipfire": {
          "Standing": {
            "Base": 3
          },
          "Walking": {
            "Base": 6.25
          },
          "Sprinting": {
            "Base": 7.5
          },
          "Crouching": {
            "Base": 2.25
          },
          "InAir": {
            "Base": 7
          },
          "Hovering": {
            "Base": 7
          }
        },
        "ADS": {
          "Standing": 0,
          "Crouching": 0,
          "InAir": 6,
          "Hovering": 0.6
        }
      }
    }
  }
}