{
  "Name": "Havoc (Mythic)",
  "ID": "havoc_mythic",
  "IsMythic": true,
  "WeaponModes": {
    "Default": {
      "Type": "Base",
      "Name": "Default",
      "Ammo": {
        "Type": "Energy",
        "MagazineSize": {
          "Base": 36
        }
      },
      "Firing": {
        "FireMode": "Charged Automatic",
        "FireRate": {
          "Base": 11.2
        },
        "ChargeTime": 0.01,
        "Shot": {
          "Projectiles": 1,
          "AmmoConsumed": 1,
          "Speed": 30500,
          "DragCoefficient": 0,
          "GravityMultiplier": 1.15,
          "MaxHeadshotDistance": 11828,
          "ProjectileSize": {
            "InitialSize": 0
          },
          "Damage": {
            "Amount": {
              "Near": 21
            },
            "Distance": {
              "Near": 1000,
              "Far": 2500,
              "VeryFar": 5000
            },
            "Multipliers": {
              "Flesh": 1,
              "Shield": 1,
              "Head": 1.3,
              "Leg": 0.75,
              "CriticalHit": 1.5
            }
          },
          "RecoilPattern": [
            {
              "X": 0,
              "Y": 0
            },
            {
              "X": 0.53,
              "Y": 0.66
            },
            {
              "X": 1.04,
              "Y": 1.45
            },
            {
              "X": 0.84,
              "Y": 2.22
            },
            {
              "X": 0.93,
              "Y": 2.9
            },
            {
              "X": 0.79,
              "Y": 3.43
            },
            {
              "X": 0.44,
              "Y": 3.77
            },
            {
              "X": 0.35,
              "Y": 4.25
            },
            {
              "X": -0.01,
              "Y": 4.63
            },
            {
              "X": -0.15,
              "Y": 5.07
            },
            {
              "X": -0.01,
              "Y": 5.44
            },
            {
              "X": 0.3,
              "Y": 5.61
            },
            {
              "X": 0.76,
              "Y": 5.8
            },
            {
              "X": 1.16,
              "Y": 5.63
            },
            {
              "X": 1.68,
              "Y": 5.57
            },
            {
              "X": 1.95,
              "Y": 5.96
            },
            {
              "X": 1.88,
              "Y": 6.21
            },
            {
              "X": 1.53,
              "Y": 6.25
            },
            {
              "X": 1.17,
              "Y": 6.45
            },
            {
              "X": 0.77,
              "Y": 6.3
            },
            {
              "X": 0.47,
              "Y": 6.41
            },
            {
              "X": 0.08,
              "Y": 6.48
            },
            {
              "X": 0.01,
              "Y": 6.94
            },
            {
              "X": 0.12,
              "Y": 7.49
            },
            {
              "X": -0.09,
              "Y": 7.85
            },
            {
              "X": -0.36,
              "Y": 8.18
            },
            {
              "X": -0.34,
              "Y": 8.71
            },
            {
              "X": -0.65,
              "Y": 9.19
            },
            {
              "X": -1.14,
              "Y": 9.46
            },
            {
              "X": -1.44,
              "Y": 9.82
            },
            {
              "X": -1.82,
              "Y": 10.15
            },
            {
              "X": -1.84,
              "Y": 10.55
            },
            {
              "X": -1.66,
              "Y": 10.94
            },
            {
              "X": -1.58,
              "Y": 11.36
            },
            {
              "X": -1.66,
              "Y": 11.76
            },
            {
              "X": -1.44,
              "Y": 12.08
            },
            {
              "X": -0.96,
              "Y": 12.46
            }
          ]
        }
      },
      "Handling": {
        "TacReloadTime": {
          "Base": 3.2
        },
        "FullReloadTime": {
          "Base": 3.2
        },
        "PickupTime": 1.5,
        "EquipTime": {
          "Base": 0.6
        },
        "HolsterTime": {
          "Base": 0.55
        },
        "RaiseTime": {
          "Base": 0.5
        },
        "LowerTime": {
          "Base": 0.4
        },
        "ZoomInTime": {
          "Base": 0.27
        },
        "ZoomOutTime": {
          "Base": 0.23
        },
        "AdsMovementSpeedMultiplier": 0.5
      },
      "Spread": {
        "DecayDelay": {
          "Base": 0.25
        },
        "DecayRate": {
          "Base": 100
        },
        "MovingIncreaseRate": {
          "Base": 3
        },
        "MovingDecayRate": {
          "Base": 44
        },
        "Hipfire": {
          "Standing": {
            "Base": 4.5
          },
          "Walking": {
            "Base": 9.9
          },
          "Sprinting": {
            "Base": 12.6
          },
          "Crouching": {
            "Base": 3.6
          },
          "InAir": {
            "Base": 12.6
          },
          "Hovering": {
            "Base": 12.6
          }
        },
        "ADS": {
          "Standing": 0,
          "Crouching": 0,
          "InAir": 6,
          "Hovering": 0.6
        }
      }
    }
  }
}