{
  "Name": "Prowler (Mythic)",
  "ID": "prowler_mythic",
  "IsMythic": true,
  "WeaponModes": {
    "Default": {
      "Type": "Base",
      "Name": "Default",
      "Ammo": {
        "Type": "Heavy",
        "MagazineSize": {
          "Base": 35
        }
      },
      "Firing": {
        "FireMode": "Burst Fire",
        "BurstCount": 5,
        "BurstDelay": 0.26,
        "FireRate": {
          "Base": 21
        },
        "Shot": {
          "Projectiles": 1,
          "AmmoConsumed": 1,
          "Speed": 18000,
          "DragCoefficient": 0.0025,
          "GravityMultiplier": 1.2,
          "MaxHeadshotDistance": 1500,
          "ProjectileSize": {
            "InitialSize": 0
          },
          "Damage": {
            "Amount": {
              "Near": 16
            },
            "Distance": {
              "Near": 900,
              "Far": 1500,
              "VeryFar": 3500
            },
            "Multipliers": {
              "Flesh": 1,
              "Shield": 1,
              "Head": 1.5,
              "Leg": 0.8,
              "CriticalHit": 2
            }
          },
          "RecoilPattern": [
            {
              "X": 0,
              "Y": 0
            },
            {
              "X": -0.02,
              "Y": 0.82
            },
            {
              "X": -0.03,
              "Y": 1.53
            },
            {
              "X": -0.04,
              "Y": 2.16
            },
            {
              "X": -0.09,
              "Y": 2.87
            },
            {
              "X": -0.09,
              "Y": 3.34
            },
            {
              "X": -0.08,
              "Y": 3.94
            },
            {
              "X": -0.14,
              "Y": 4.49
            },
            {
              "X": -0.23,
              "Y": 4.96
            },
            {
              "X": -0.3,
              "Y": 5.32
            },
            {
              "X": -0.36,
              "Y": 5.65
            },
            {
              "X": -0.52,
              "Y": 5.88
            },
            {
              "X": -0.63,
              "Y": 6.11
            },
            {
              "X": -0.72,
              "Y": 6.34
            },
            {
              "X": -0.81,
              "Y": 6.6
            },
            {
              "X": -0.83,
              "Y": 6.85
            },
            {
              "X": -0.78,
              "Y": 7.15
            },
            {
              "X": -0.61,
              "Y": 7.27
            },
            {
              "X": -0.5,
              "Y": 7.48
            },
            {
              "X": -0.43,
              "Y": 7.75
            },
            {
              "X": -0.32,
              "Y": 7.97
            },
            {
              "X": -0.11,
              "Y": 8.15
            },
            {
              "X": 0.11,
              "Y": 8.29
            },
            {
              "X": 0.27,
              "Y": 8.49
            },
            {
              "X": 0.34,
              "Y": 8.65
            },
            {
              "X": 0.49,
              "Y": 8.83
            },
            {
              "X": 0.71,
              "Y": 8.97
            },
            {
              "X": 0.9,
              "Y": 9.16
            },
            {
              "X": 1.04,
              "Y": 9.33
            },
            {
              "X": 1.26,
              "Y": 9.49
            },
            {
              "X": 1.35,
              "Y": 9.69
            },
            {
              "X": 1.37,
              "Y": 9.96
            },
            {
              "X": 1.28,
              "Y": 10.18
            },
            {
              "X": 1.14,
              "Y": 10.38
            },
            {
              "X": 1.12,
              "Y": 10.63
            }
          ]
        }
      },
      "Handling": {
        "TacReloadTime": {
          "Base": 2
        },
        "FullReloadTime": {
          "Base": 2.6
        },
        "PickupTime": 1.4,
        "EquipTime": {
          "Base": 0.35
        },
        "HolsterTime": {
          "Base": 0.3
        },
        "RaiseTime": {
          "Base": 0.3
        },
        "LowerTime": {
          "Base": 0.25
        },
        "ZoomInTime": {
          "Base": 0.22
        },
        "ZoomOutTime": {
          "Base": 0.2
        },
        "AdsMovementSpeedMultiplier": 0.75
      },
      "Spread": {
        "DecayDelay": {
          "Base": 0.28
        },
        "DecayRate": {
          "Base": 12
        },
        "MovingIncreaseRate": {
          "Base": 3
        },
        "MovingDecayRate": {
          "Base": 10.5
        },
        "Hipfire": {
          "Standing": {
            "Base": 2
          },
          "Walking": {
            "Base": 3
          },
          "Sprinting": {
            "Base": 5
          },
          "Crouching": {
            "Base": 1.6
          },
          "InAir": {
            "Base": 7
          },
          "Hovering": {
            "Base": 7
          }
        },
        "ADS": {
          "Standing": 0.35,
          "Crouching": 0.25,
          "InAir": 5,
          "Hovering": 0.5
        }
      }
    },
    "Selectfire": {
      "Type": "Hopup",
      "Name": "Selectfire",
      "Ammo": {
        "Type": "Heavy",
        "MagazineSize": {
          "Base": 35
        }
      },
      "Firing": {
        "FireMode": "Automatic",
        "BurstCount": -1,
        "BurstDelay": 0.26,
        "FireRate": {
          "Base": 13.25
        },
        "Shot": {
          "Projectiles": 1,
          "AmmoConsumed": 1,
          "Speed": 18000,
          "DragCoefficient": 0.0025,
          "GravityMultiplier": 1.2,
          "MaxHeadshotDistance": 1500,
          "ProjectileSize": {
            "InitialSize": 0
          },
          "Damage": {
            "Amount": {
              "Near": 16
            },
            "Distance": {
              "Near": 900,
              "Far": 1500,
              "VeryFar": 3500
            },
            "Multipliers": {
              "Flesh": 1,
              "Shield": 1,
              "Head": 1.5,
              "Leg": 0.8,
              "CriticalHit": 2
            }
          },
          "RecoilPattern": [
            {
              "X": 0,
              "Y": 0
            },
            {
              "X": -0.3,
              "Y": 1.39
            },
            {
              "X": -0.4,
              "Y": 2.09
            },
            {
              "X": -0.29,
              "Y": 3.09
            },
            {
              "X": -0.36,
              "Y": 3.78
            },
            {
              "X": -0.89,
              "Y": 4.54
            },
            {
              "X": -1.15,
              "Y": 5.26
            },
            {
              "X": -1.2,
              "Y": 6.07
            },
            {
              "X": -1.5,
              "Y": 6.8
            },
            {
              "X": -1.5,
              "Y": 7.54
            },
            {
              "X": -2.01,
              "Y": 7.99
            },
            {
              "X": -2.21,
              "Y": 8.53
            },
            {
              "X": -2.16,
              "Y": 9.06
            },
            {
              "X": -1.88,
              "Y": 9.62
            },
            {
              "X": -1.21,
              "Y": 9.7
            },
            {
              "X": -0.5,
              "Y": 9.97
            },
            {
              "X": -0.17,
              "Y": 10.23
            },
            {
              "X": 0.19,
              "Y": 10.62
            },
            {
              "X": -0.02,
              "Y": 11.21
            },
            {
              "X": -0.05,
              "Y": 11.85
            },
            {
              "X": 0.38,
              "Y": 12.36
            },
            {
              "X": 0.38,
              "Y": 12.89
            },
            {
              "X": 0.48,
              "Y": 13.55
            },
            {
              "X": -0.03,
              "Y": 13.86
            },
            {
              "X": -0.41,
              "Y": 14.23
            },
            {
              "X": -0.56,
              "Y": 14.69
            },
            {
              "X": -0.51,
              "Y": 15
            },
            {
              "X": -0.18,
              "Y": 15.26
            },
            {
              "X": 0.38,
              "Y": 15.34
            },
            {
              "X": 0.89,
              "Y": 15.37
            },
            {
              "X": 1.32,
              "Y": 15.57
            },
            {
              "X": 1.63,
              "Y": 15.75
            },
            {
              "X": 2.01,
              "Y": 16.23
            },
            {
              "X": 2.16,
              "Y": 16.69
            },
            {
              "X": 1.85,
              "Y": 17.05
            },
            {
              "X": 1.42,
              "Y": 17.2
            }
          ]
        }
      },
      "Handling": {
        "TacReloadTime": {
          "Base": 2
        },
        "FullReloadTime": {
          "Base": 2.6
        },
        "PickupTime": 1.4,
        "EquipTime": {
          "Base": 0.35
        },
        "HolsterTime": {
          "Base": 0.3
        },
        "RaiseTime": {
          "Base": 0.3
        },
        "LowerTime": {
          "Base": 0.25
        },
        "ZoomInTime": {
          "Base": 0.22
        },
        "ZoomOutTime": {
          "Base": 0.2
        },
        "AdsMovementSpeedMultiplier": 0.75
      },
      "Spread": {
        "DecayDelay": {
          "Base": 0.28
        },
        "DecayRate": {
          "Base": 12
        },
        "MovingIncreaseRate": {
          "Base": 3
        },
        "MovingDecayRate": {
          "Base": 10.5
        },
        "Hipfire": {
          "Standing": {
            "Base": 2
          },
          "Walking": {
            "Base": 3
          },
          "Sprinting": {
            "Base": 5
          },
          "Crouching": {
            "Base": 1.6
          },
          "InAir": {
            "Base": 7
          },
          "Hovering": {
            "Base": 7
          }
        },
        "ADS": {
          "Standing": 0.35,
          "Crouching": 0.25,
          "InAir": 5,
          "Hovering": 0.5
        }
      }
    }
  }
}