{
  "Name": "R-99 (Mythic)",
  "ID": "r99_mythic",
  "IsMythic": true,
  "WeaponModes": {
    "Default": {
      "Type": "Base",
      "Name": "Default",
      "Ammo": {
        "Type": "Light",
        "MagazineSize": {
          "Base": 30
        }
      },
      "Firing": {
        "FireMode": "Automatic",
        "FireRate": {
          "Base": 18
        },
        "Shot": {
          "Projectiles": 1,
          "AmmoConsumed": 1,
          "Speed": 19000,
          "DragCoefficient": 0.0025,
          "GravityMultiplier": 1.2,
          "MaxHeadshotDistance": 1500,
          "ProjectileSize": {
            "InitialSize": 0
          },
          "Damage": {
            "Amount": {
              "Near": 15,
              "Far": 14,
              "VeryFar": 13
            },
            "Distance": {
              "Near": 200,
              "Far": 350,
              "VeryFar": 500
            },
            "Multipliers": {
              "Flesh": 1,
              "Shield": 1,
              "Head": 1.25,
              "Leg": 0.8,
              "CriticalHit": 2
            }
          },
          "RecoilPattern": [
            {
              "X": 0,
              "Y": 0
            },
            {
              "X": 0.15,
              "Y": 0.4945
            },
            {
              "X": 0.14,
              "Y": 0.989
            },
            {
              "X": -0.07,
              "Y": 1.4145
            },
            {
              "X": 0.09,
              "Y": 2.1045
            },
            {
              "X": 0.34,
              "Y": 3.0705001
            },
            {
              "X": 0.83,
              "Y": 3.8639998
            },
            {
              "X": 1.33,
              "Y": 4.577
            },
            {
              "X": 1.56,
              "Y": 5.2325
            },
            {
              "X": 1.54,
              "Y": 5.8995
            },
            {
              "X": 1.28,
              "Y": 6.4975
            },
            {
              "X": 0.87,
              "Y": 7.061
            },
            {
              "X": 0.79,
              "Y": 7.5555
            },
            {
              "X": 0.64,
              "Y": 8.188
            },
            {
              "X": 0.74,
              "Y": 8.4985
            },
            {
              "X": 1.18,
              "Y": 8.567499
            },
            {
              "X": 1.4,
              "Y": 8.717
            },
            {
              "X": 1.81,
              "Y": 8.7975
            },
            {
              "X": 1.4,
              "Y": 9.085
            },
            {
              "X": 0.94,
              "Y": 9.085
            },
            {
              "X": 0.45,
              "Y": 9.2345
            },
            {
              "X": 0.11,
              "Y": 9.372499
            },
            {
              "X": -0.33,
              "Y": 9.545
            },
            {
              "X": -0,
              "Y": 9.613999
            },
            {
              "X": 0.59,
              "Y": 9.6255
            },
            {
              "X": 1.08,
              "Y": 9.5105
            },
            {
              "X": 1.35,
              "Y": 9.499
            },
            {
              "X": 0.89,
              "Y": 9.775
            },
            {
              "X": 0.45,
              "Y": 9.8095
            },
            {
              "X": 0.67,
              "Y": 9.9935
            },
            {
              "X": 0.82,
              "Y": 10.280999
            }
          ]
        }
      },
      "Handling": {
        "TacReloadTime": {
          "Base": 1.8
        },
        "FullReloadTime": {
          "Base": 2.45
        },
        "PickupTime": 1,
        "EquipTime": {
          "Base": 0.35
        },
        "HolsterTime": {
          "Base": 0.3
        },
        "RaiseTime": {
          "Base": 0.3
        },
        "LowerTime": {
          "Base": 0.25
        },
        "ZoomInTime": {
          "Base": 0.22
        },
        "ZoomOutTime": {
          "Base": 0.2
        },
        "AdsMovementSpeedMultiplier": 0.825
      },
      "Spread": {
        "DecayDelay": {
          "Base": 0.15
        },
        "DecayRate": {
          "Base": 12
        },
        "MovingIncreaseRate": {
          "Base": 3
        },
        "MovingDecayRate": {
          "Base": 10.5
        },
        "Hipfire": {
          "Standing": {
            "Base": 2
          },
          "Walking": {
            "Base": 3
          },
          "Sprinting": {
            "Base": 5
          },
          "Crouching": {
            "Base": 1.6
          },
          "InAir": {
            "Base": 7
          },
          "Hovering": {
            "Base": 7
          }
        },
        "ADS": {
          "Standing": 0.35,
          "Crouching": 0.25,
          "InAir": 5,
          "Hovering": 0.5
        }
      }
    }
  }
}