{
  "Name": "Triple Take (Mythic)",
  "ID": "tripletake_mythic",
  "IsMythic": true,
  "WeaponModes": {
    "Default": {
      "Type": "Base",
      "Name": "Default",
      "Ammo": {
        "Type": "Energy",
        "MagazineSize": {
          "Base": 12
        }
      },
      "Firing": {
        "FireMode": "Semi Automatic",
        "FireRate": {
          "Base": 1.75
        },
        "ChargeTime": 0,
        "Shot": {
          "Projectiles": 3,
          "AmmoConsumed": 1,
          "Speed": 31000,
          "DragCoefficient": 0,
          "GravityMultiplier": 1.4,
          "MaxHeadshotDistance": 17716,
          "ProjectileSize": {
            "InitialSize": 0.4,
            "Step1": {
              "Size": 0.25,
              "Time": 0.11
            },
            "Step2": {
              "Size": 0.5,
              "Time": 0.12
            },
            "Final": {
              "Size": 0.5,
              "Time": 0.01
            }
          },
          "Damage": {
            "Amount": {
              "Near": 23
            },
            "Distance": {
              "Near": 1000,
              "Far": 2500,
              "VeryFar": 5000
            },
            "Multipliers": {
              "Flesh": 1,
              "Shield": 1,
              "Head": 1.5,
              "Leg": 0.9,
              "CriticalHit": 2
            }
          },
          "BlastPattern": [
            {
              "X": 0,
              "Y": 0
            },
            {
              "X": -16,
              "Y": 0
            },
            {
              "X": 16,
              "Y": 0
            }
          ]
        }
      },
      "Handling": {
        "TacReloadTime": {
          "Base": 2.6
        },
        "FullReloadTime": {
          "Base": 3.4
        },
        "PickupTime": 1.5,
        "EquipTime": {
          "Base": 0.65
        },
        "HolsterTime": {
          "Base": 0.55
        },
        "RaiseTime": {
          "Base": 0.5
        },
        "LowerTime": {
          "Base": 0.4
        },
        "ZoomInTime": {
          "Base": 0.3
        },
        "ZoomOutTime": {
          "Base": 0.26
        },
        "AdsMovementSpeedMultiplier": 0.425
      },
      "Spread": {
        "DecayDelay": {
          "Base": 0.1
        },
        "DecayRate": {
          "Base": 10
        },
        "MovingIncreaseRate": {
          "Base": 20
        },
        "MovingDecayRate": {
          "Base": 20
        },
        "Hipfire": {
          "Standing": {
            "Base": 2.5
          },
          "Walking": {
            "Base": 4.15
          },
          "Sprinting": {
            "Base": 5
          },
          "Crouching": {
            "Base": 1.86
          },
          "InAir": {
            "Base": 5.8
          },
          "Hovering": {
            "Base": 7
          }
        },
        "ADS": {
          "Standing": 0,
          "Crouching": 0,
          "InAir": 4,
          "Hovering": 0.6
        }
      }
    }
  }
}