{
  "Name": "30-30 Repeater",
  "ID": "3030repeater",
  "IsMythic": false,
  "WeaponModes": {
    "Default": {
      "Type": "Base",
      "Name": "Default",
      "Ammo": {
        "Type": "Heavy",
        "MagazineSize": {
          "Base": 6,
          "Common": 7,
          "Rare": 8,
          "Epic": 10,
          "Legendary": 10
        }
      },
      "Firing": {
        "FireMode": "Manual Action",
        "FireRate": {
          "Base": 3.85
        },
        "RechamberTime": {
          "Base": 0.685
        },
        "Shot": {
          "Projectiles": 1,
          "AmmoConsumed": 1,
          "Speed": 28000,
          "DragCoefficient": 0.0033,
          "GravityMultiplier": 1.4,
          "MaxHeadshotDistance": 17716,
          "ProjectileSize": {
            "InitialSize": 0,
            "Step1": {
              "Size": 0,
              "Time": 0.11
            },
            "Step2": {
              "Size": 0.25,
              "Time": 0.12
            },
            "Final": {
              "Size": 0.25,
              "Time": 0.01
            }
          },
          "Damage": {
            "Amount": {
              "Near": 43
            },
            "Distance": {
              "Near": 1000,
              "Far": 2500,
              "VeryFar": 5000
            },
            "Multipliers": {
              "Flesh": 1,
              "Shield": 1,
              "Head": 1.4,
              "Leg": 0.85,
              "CriticalHit": null
            }
          },
          "RecoilPattern": [
            {
              "X": 0,
              "Y": 0
            },
            {
              "X": 0.16,
              "Y": 0.49
            },
            {
              "X": 0.23,
              "Y": 0.98
            },
            {
              "X": 0.11,
              "Y": 1.55
            },
            {
              "X": -0.15,
              "Y": 2.1
            },
            {
              "X": -0.33,
              "Y": 2.83
            },
            {
              "X": -0.21,
              "Y": 3.66
            },
            {
              "X": -0.38,
              "Y": 4.4
            },
            {
              "X": -0.25,
              "Y": 5.24
            },
            {
              "X": -0.5,
              "Y": 6.12
            },
            {
              "X": -0.35,
              "Y": 7.16
            }
          ]
        }
      },
      "Handling": {
        "TacReloadTime": {
          "Base": 0.33,
          "Common": 0.31911,
          "Rare": 0.30789,
          "Epic": 0.297
        },
        "FullReloadTime": {
          "Base": 0.75,
          "Common": 0.72525,
          "Rare": 0.69975,
          "Epic": 0.675
        },
        "PickupTime": 1.4,
        "EquipTime": {
          "Base": 0.6,
          "Common": 0.45,
          "Rare": 0.42,
          "Epic": 0.39
        },
        "HolsterTime": {
          "Base": 0.5,
          "Common": 0.375,
          "Rare": 0.35,
          "Epic": 0.325
        },
        "RaiseTime": {
          "Base": 0.4,
          "Common": 0.32,
          "Rare": 0.3,
          "Epic": 0.28
        },
        "LowerTime": {
          "Base": 0.35,
          "Common": 0.28,
          "Rare": 0.2625,
          "Epic": 0.245
        },
        "ZoomInTime": {
          "Base": 0.31,
          "Common": 0.248,
          "Rare": 0.2325,
          "Epic": 0.217
        },
        "ZoomOutTime": {
          "Base": 0.28,
          "Common": 0.224,
          "Rare": 0.21,
          "Epic": 0.196
        },
        "AdsMovementSpeedMultiplier": 0.425
      },
      "Spread": {
        "DecayDelay": {
          "Base": 0.26
        },
        "DecayRate": {
          "Base": 2.55
        },
        "MovingIncreaseRate": {
          "Base": 5
        },
        "MovingDecayRate": {
          "Base": 16.25
        },
        "Hipfire": {
          "Standing": {
            "Base": 3
          },
          "Walking": {
            "Base": 6.25
          },
          "Sprinting": {
            "Base": 7.5
          },
          "Crouching": {
            "Base": 2.25
          },
          "InAir": {
            "Base": 7
          },
          "Hovering": {
            "Base": 7
          }
        },
        "ADS": {
          "Standing": 0,
          "Crouching": 0,
          "InAir": 6,
          "Hovering": 0.6
        }
      }
    }
  }
}