{
  "Name": "Alternator (Mythic)",
  "IsMythic": true,
  "WeaponModes": {
    "Default": {
      "Type": "Base",
      "Name": "Default",
      "Ammo": {
        "Type": "Light",
        "MagazineSize": {
          "Base": 30
        }
      },
      "Firing": {
        "FireMode": "Automatic",
        "FireRate": {
          "Base": 10
        },
        "Shot": {
          "Projectiles": 1,
          "AmmoConsumed": 1,
          "Speed": 19000,
          "DragCoefficient": 0.0025,
          "GravityMultiplier": 1.2,
          "MaxHeadshotDistance": 1500,
          "ProjectileSize": {
            "InitialSize": 0
          },
          "Damage": {
            "Amount": {
              "Near": 19
            },
            "Distance": {
              "Near": 900,
              "Far": 1500,
              "VeryFar": 3500
            },
            "Multipliers": {
              "Flesh": 1,
              "Shield": 1,
              "Head": 1.25,
              "Leg": 0.8,
              "CriticalHit": 2
            }
          },
          "RecoilPattern": [
            {
              "X": 0,
              "Y": 0
            },
            {
              "X": -0.33,
              "Y": 0.66
            },
            {
              "X": 0.15,
              "Y": 1.27
            },
            {
              "X": -0.34,
              "Y": 1.96
            },
            {
              "X": 0.22,
              "Y": 2.57
            },
            {
              "X": -0.37,
              "Y": 3.25
            },
            {
              "X": 0.31,
              "Y": 3.93
            },
            {
              "X": -0.23,
              "Y": 4.49
            },
            {
              "X": 0.69,
              "Y": 4.83
            },
            {
              "X": 0.11,
              "Y": 5.41
            },
            {
              "X": 1.12,
              "Y": 5.72
            },
            {
              "X": 0.44,
              "Y": 6.16
            },
            {
              "X": 1.54,
              "Y": 6.25
            },
            {
              "X": 1.1,
              "Y": 6.57
            },
            {
              "X": 1.73,
              "Y": 6.8
            },
            {
              "X": 0.87,
              "Y": 7.25
            },
            {
              "X": 1.31,
              "Y": 7.67
            },
            {
              "X": 0.45,
              "Y": 7.8
            },
            {
              "X": 1.07,
              "Y": 8.2
            },
            {
              "X": -0.03,
              "Y": 8.23
            },
            {
              "X": 0.43,
              "Y": 8.57
            },
            {
              "X": -0.59,
              "Y": 8.56
            },
            {
              "X": -0.05,
              "Y": 8.85
            },
            {
              "X": -0.95,
              "Y": 8.92
            },
            {
              "X": -0.49,
              "Y": 9.23
            },
            {
              "X": -1.24,
              "Y": 9.2
            },
            {
              "X": -0.9,
              "Y": 9.48
            }
          ]
        }
      },
      "Handling": {
        "TacReloadTime": {
          "Base": 1.9
        },
        "FullReloadTime": {
          "Base": 2.23
        },
        "PickupTime": 1.2,
        "EquipTime": {
          "Base": 0.35
        },
        "HolsterTime": {
          "Base": 0.3
        },
        "RaiseTime": {
          "Base": 0.3
        },
        "LowerTime": {
          "Base": 0.25
        },
        "ZoomInTime": {
          "Base": 0.22
        },
        "ZoomOutTime": {
          "Base": 0.2
        },
        "AdsMovementSpeedMultiplier": 0.75
      },
      "Spread": {
        "DecayDelay": {
          "Base": 0.15
        },
        "DecayRate": {
          "Base": 12
        },
        "MovingIncreaseRate": {
          "Base": 3
        },
        "MovingDecayRate": {
          "Base": 10.5
        },
        "Hipfire": {
          "Standing": {
            "Base": 2
          },
          "Walking": {
            "Base": 3
          },
          "Sprinting": {
            "Base": 5
          },
          "Crouching": {
            "Base": 1.6
          },
          "InAir": {
            "Base": 7
          },
          "Hovering": {
            "Base": 7
          }
        },
        "ADS": {
          "Standing": 0.35,
          "Crouching": 0.25,
          "InAir": 5,
          "Hovering": 0.5
        }
      }
    },
    "Double Tap": {
      "Type": "Hopup",
      "Name": "Double Tap",
      "Ammo": {
        "Type": "Light",
        "MagazineSize": {
          "Base": 30
        }
      },
      "Firing": {
        "FireMode": "Automatic",
        "FireRate": {
          "Base": 7.75
        },
        "Shot": {
          "Projectiles": 2,
          "AmmoConsumed": 2,
          "Speed": 19000,
          "DragCoefficient": 0.0025,
          "GravityMultiplier": 1.2,
          "MaxHeadshotDistance": 1500,
          "ProjectileSize": {
            "InitialSize": 0
          },
          "Damage": {
            "Amount": {
              "Near": 15
            },
            "Distance": {
              "Near": 900,
              "Far": 1500,
              "VeryFar": 3500
            },
            "Multipliers": {
              "Flesh": 1,
              "Shield": 1,
              "Head": 1.25,
              "Leg": 0.8,
              "CriticalHit": 2
            }
          },
          "BlastPattern": [
            {
              "X": -4,
              "Y": 0
            },
            {
              "X": 4,
              "Y": 0
            }
          ],
          "RecoilPattern": [
            {
              "X": 0,
              "Y": 0
            },
            {
              "X": -0.33,
              "Y": 0.66
            },
            {
              "X": 0.15,
              "Y": 1.27
            },
            {
              "X": -0.34,
              "Y": 1.96
            },
            {
              "X": 0.22,
              "Y": 2.57
            },
            {
              "X": -0.37,
              "Y": 3.25
            },
            {
              "X": 0.31,
              "Y": 3.93
            },
            {
              "X": -0.23,
              "Y": 4.49
            },
            {
              "X": 0.69,
              "Y": 4.83
            },
            {
              "X": 0.11,
              "Y": 5.41
            },
            {
              "X": 1.12,
              "Y": 5.72
            },
            {
              "X": 0.44,
              "Y": 6.16
            },
            {
              "X": 1.54,
              "Y": 6.25
            },
            {
              "X": 1.1,
              "Y": 6.57
            },
            {
              "X": 1.73,
              "Y": 6.8
            },
            {
              "X": 0.87,
              "Y": 7.25
            },
            {
              "X": 1.31,
              "Y": 7.67
            },
            {
              "X": 0.45,
              "Y": 7.8
            },
            {
              "X": 1.07,
              "Y": 8.2
            },
            {
              "X": -0.03,
              "Y": 8.23
            },
            {
              "X": 0.43,
              "Y": 8.57
            },
            {
              "X": -0.59,
              "Y": 8.56
            },
            {
              "X": -0.05,
              "Y": 8.85
            },
            {
              "X": -0.95,
              "Y": 8.92
            },
            {
              "X": -0.49,
              "Y": 9.23
            },
            {
              "X": -1.24,
              "Y": 9.2
            },
            {
              "X": -0.9,
              "Y": 9.48
            }
          ]
        }
      },
      "Handling": {
        "TacReloadTime": {
          "Base": 1.9
        },
        "FullReloadTime": {
          "Base": 2.23
        },
        "PickupTime": 1.2,
        "EquipTime": {
          "Base": 0.35
        },
        "HolsterTime": {
          "Base": 0.3
        },
        "RaiseTime": {
          "Base": 0.3
        },
        "LowerTime": {
          "Base": 0.25
        },
        "ZoomInTime": {
          "Base": 0.22
        },
        "ZoomOutTime": {
          "Base": 0.2
        },
        "AdsMovementSpeedMultiplier": 0.75
      },
      "Spread": {
        "DecayDelay": {
          "Base": 0.15
        },
        "DecayRate": {
          "Base": 12
        },
        "MovingIncreaseRate": {
          "Base": 3
        },
        "MovingDecayRate": {
          "Base": 10.5
        },
        "Hipfire": {
          "Standing": {
            "Base": 2
          },
          "Walking": {
            "Base": 3
          },
          "Sprinting": {
            "Base": 5
          },
          "Crouching": {
            "Base": 1.6
          },
          "InAir": {
            "Base": 7
          },
          "Hovering": {
            "Base": 7
          }
        },
        "ADS": {
          "Standing": 0.35,
          "Crouching": 0.25,
          "InAir": 5,
          "Hovering": 0.5
        }
      }
    }
  }
}