{
  "Name": "Bocek (Mythic)",
  "IsMythic": true,
  "WeaponModes": {
    "Default": {
      "Type": "Base",
      "Name": "Default",
      "ChargedDuration": 140,
      "Ammo": {
        "Type": "Arrows",
        "MagazineSize": {
          "Base": 0
        }
      },
      "Firing": {
        "FireMode": "Single",
        "FireRate": {
          "Base": 2.5
        },
        "Shot": {
          "Projectiles": 1,
          "AmmoConsumed": 1,
          "Speed": 10000,
          "ProjectileSize": {
            "InitialSize": 0,
            "Step1": {
              "Size": 0.2,
              "Time": 0.05
            },
            "Step2": {
              "Size": 2.5,
              "Time": 0.281
            },
            "Final": {
              "Size": 2.5,
              "Time": 0.281
            }
          },
          "MaxHeadshotDistance": 11828,
          "Damage": {
            "Amount": {
              "Near": 35
            },
            "Distance": {
              "Near": 1000,
              "Far": 2500,
              "VeryFar": 5000
            },
            "Multipliers": {
              "Flesh": 1,
              "Shield": 1,
              "Head": 1.5,
              "Leg": 0.8,
              "CriticalHit": null
            }
          }
        }
      },
      "Handling": {
        "TacReloadTime": {
          "Base": 2.15
        },
        "FullReloadTime": {
          "Base": 3
        },
        "PickupTime": 2,
        "EquipTime": {
          "Base": 1
        },
        "HolsterTime": {
          "Base": 0.5
        },
        "RaiseTime": {
          "Base": 0.5
        },
        "LowerTime": {
          "Base": 0.4
        },
        "ZoomInTime": {
          "Base": 0.5
        },
        "ZoomOutTime": {
          "Base": 0.5
        },
        "AdsMovementSpeedMultiplier": 0.85
      },
      "Spread": {
        "DecayDelay": {
          "Base": 0.15
        },
        "DecayRate": {
          "Base": 12
        },
        "MovingIncreaseRate": {
          "Base": 3
        },
        "MovingDecayRate": {
          "Base": 10.5
        },
        "Hipfire": {
          "Standing": {
            "Base": 2.2
          },
          "Walking": {
            "Base": 2.24
          },
          "Sprinting": {
            "Base": 3.2
          },
          "Crouching": {
            "Base": 1.8
          },
          "InAir": {
            "Base": 2.8
          },
          "Hovering": {}
        },
        "ADS": {
          "Standing": 0,
          "Crouching": 0,
          "InAir": 2.8
        }
      }
    }
  }
}