{
  "Name": "C.A.R. (Mythic)",
  "IsMythic": true,
  "WeaponModes": {
    "Default": {
      "Type": "Base",
      "Name": "Default",
      "Ammo": {
        "Type": "Heavy",
        "MagazineSize": {
          "Base": 30
        }
      },
      "Firing": {
        "FireMode": "Automatic",
        "FireRate": {
          "Base": 15.5
        },
        "Shot": {
          "Projectiles": 1,
          "AmmoConsumed": 1,
          "Speed": 18000,
          "DragCoefficient": 0.0025,
          "GravityMultiplier": 1.15,
          "MaxHeadshotDistance": 1500,
          "ProjectileSize": {
            "InitialSize": 0
          },
          "Damage": {
            "Amount": {
              "Near": 14
            },
            "Distance": {
              "Near": 800,
              "Far": 1500,
              "VeryFar": 3500
            },
            "Multipliers": {
              "Flesh": 1,
              "Shield": 1.2,
              "Head": 1.25,
              "Leg": 0.8,
              "CriticalHit": 2
            }
          },
          "RecoilPattern": [
            {
              "X": -0.03,
              "Y": 0.51
            },
            {
              "X": -0.3,
              "Y": 1.01
            },
            {
              "X": -0.36,
              "Y": 1.51
            },
            {
              "X": -0.76,
              "Y": 2.07
            },
            {
              "X": -0.79,
              "Y": 2.61
            },
            {
              "X": -1.16,
              "Y": 3.25
            },
            {
              "X": -1.51,
              "Y": 3.69
            },
            {
              "X": -1.48,
              "Y": 4.33
            },
            {
              "X": -0.95,
              "Y": 4.89
            },
            {
              "X": -0.87,
              "Y": 5.51
            },
            {
              "X": -0.55,
              "Y": 5.74
            },
            {
              "X": -0.07,
              "Y": 5.66
            },
            {
              "X": 0.29,
              "Y": 5.7
            },
            {
              "X": 0.43,
              "Y": 5.97
            },
            {
              "X": -0.04,
              "Y": 6.19
            },
            {
              "X": -0.64,
              "Y": 6.17
            },
            {
              "X": -1.07,
              "Y": 6.36
            },
            {
              "X": -0.8,
              "Y": 6.57
            },
            {
              "X": -0.3,
              "Y": 6.63
            },
            {
              "X": 0.04,
              "Y": 6.57
            },
            {
              "X": 0.53,
              "Y": 6.49
            },
            {
              "X": 0.74,
              "Y": 6.55
            },
            {
              "X": 0.73,
              "Y": 6.78
            },
            {
              "X": 0.5,
              "Y": 7.01
            },
            {
              "X": 0.22,
              "Y": 7.06
            },
            {
              "X": 0.18,
              "Y": 7.41
            },
            {
              "X": -0.12,
              "Y": 7.67
            },
            {
              "X": -0.38,
              "Y": 7.87
            },
            {
              "X": -0.21,
              "Y": 8.18
            }
          ]
        }
      },
      "Handling": {
        "TacReloadTime": {
          "Base": 1.7
        },
        "FullReloadTime": {
          "Base": 2.13
        },
        "PickupTime": 1.1,
        "EquipTime": {
          "Base": 0.4
        },
        "HolsterTime": {
          "Base": 0.3
        },
        "RaiseTime": {
          "Base": 0.3
        },
        "LowerTime": {
          "Base": 0.25
        },
        "ZoomInTime": {
          "Base": 0.2
        },
        "ZoomOutTime": {
          "Base": 0.2
        },
        "AdsMovementSpeedMultiplier": 0.75
      },
      "Spread": {
        "DecayDelay": {
          "Base": 0.15
        },
        "DecayRate": {
          "Base": 12
        },
        "MovingIncreaseRate": {
          "Base": 3
        },
        "MovingDecayRate": {
          "Base": 10.5
        },
        "Hipfire": {
          "Standing": {
            "Base": 2
          },
          "Walking": {
            "Base": 3
          },
          "Sprinting": {
            "Base": 5
          },
          "Crouching": {
            "Base": 1.6
          },
          "InAir": {
            "Base": 7
          },
          "Hovering": {
            "Base": 7
          }
        },
        "ADS": {
          "Standing": 0.35,
          "Crouching": 0.25,
          "InAir": 5,
          "Hovering": 0.5
        }
      }
    },
    "Hammerpoint": {
      "Type": "FiringMode",
      "Name": "Hammerpoint",
      "Ammo": {
        "Type": "Heavy",
        "MagazineSize": {
          "Base": 30
        }
      },
      "Firing": {
        "FireMode": "Automatic",
        "FireRate": {
          "Base": 15.5
        },
        "Shot": {
          "Projectiles": 1,
          "AmmoConsumed": 1,
          "Speed": 18000,
          "DragCoefficient": 0.0025,
          "GravityMultiplier": 1.15,
          "MaxHeadshotDistance": 1500,
          "ProjectileSize": {
            "InitialSize": 0
          },
          "Damage": {
            "Amount": {
              "Near": 14
            },
            "Distance": {
              "Near": 800,
              "Far": 1500,
              "VeryFar": 3500
            },
            "Multipliers": {
              "Flesh": 1.2,
              "Shield": 1,
              "Head": 1.25,
              "Leg": 0.8,
              "CriticalHit": 2
            }
          },
          "RecoilPattern": [
            {
              "X": -0.03,
              "Y": 0.51
            },
            {
              "X": -0.3,
              "Y": 1.01
            },
            {
              "X": -0.36,
              "Y": 1.51
            },
            {
              "X": -0.76,
              "Y": 2.07
            },
            {
              "X": -0.79,
              "Y": 2.61
            },
            {
              "X": -1.16,
              "Y": 3.25
            },
            {
              "X": -1.51,
              "Y": 3.69
            },
            {
              "X": -1.48,
              "Y": 4.33
            },
            {
              "X": -0.95,
              "Y": 4.89
            },
            {
              "X": -0.87,
              "Y": 5.51
            },
            {
              "X": -0.55,
              "Y": 5.74
            },
            {
              "X": -0.07,
              "Y": 5.66
            },
            {
              "X": 0.29,
              "Y": 5.7
            },
            {
              "X": 0.43,
              "Y": 5.97
            },
            {
              "X": -0.04,
              "Y": 6.19
            },
            {
              "X": -0.64,
              "Y": 6.17
            },
            {
              "X": -1.07,
              "Y": 6.36
            },
            {
              "X": -0.8,
              "Y": 6.57
            },
            {
              "X": -0.3,
              "Y": 6.63
            },
            {
              "X": 0.04,
              "Y": 6.57
            },
            {
              "X": 0.53,
              "Y": 6.49
            },
            {
              "X": 0.74,
              "Y": 6.55
            },
            {
              "X": 0.73,
              "Y": 6.78
            },
            {
              "X": 0.5,
              "Y": 7.01
            },
            {
              "X": 0.22,
              "Y": 7.06
            },
            {
              "X": 0.18,
              "Y": 7.41
            },
            {
              "X": -0.12,
              "Y": 7.67
            },
            {
              "X": -0.38,
              "Y": 7.87
            },
            {
              "X": -0.21,
              "Y": 8.18
            }
          ]
        }
      },
      "Handling": {
        "TacReloadTime": {
          "Base": 1.7
        },
        "FullReloadTime": {
          "Base": 2.13
        },
        "PickupTime": 1.1,
        "EquipTime": {
          "Base": 0.4
        },
        "HolsterTime": {
          "Base": 0.3
        },
        "RaiseTime": {
          "Base": 0.3
        },
        "LowerTime": {
          "Base": 0.25
        },
        "ZoomInTime": {
          "Base": 0.2
        },
        "ZoomOutTime": {
          "Base": 0.2
        },
        "AdsMovementSpeedMultiplier": 0.75
      },
      "Spread": {
        "DecayDelay": {
          "Base": 0.15
        },
        "DecayRate": {
          "Base": 12
        },
        "MovingIncreaseRate": {
          "Base": 3
        },
        "MovingDecayRate": {
          "Base": 10.5
        },
        "Hipfire": {
          "Standing": {
            "Base": 2
          },
          "Walking": {
            "Base": 3
          },
          "Sprinting": {
            "Base": 5
          },
          "Crouching": {
            "Base": 1.6
          },
          "InAir": {
            "Base": 7
          },
          "Hovering": {
            "Base": 7
          }
        },
        "ADS": {
          "Standing": 0.35,
          "Crouching": 0.25,
          "InAir": 5,
          "Hovering": 0.5
        }
      }
    }
  }
}