{
  "Name": "Charge Rifle",
  "IsMythic": false,
  "WeaponModes": {
    "Default": {
      "Type": "Base",
      "Name": "Default",
      "Ammo": {
        "Type": "Sniper",
        "MagazineSize": {
          "Base": 6,
          "Common": 7,
          "Rare": 8,
          "Epic": 9,
          "Legendary": 9
        }
      },
      "Firing": {
        "FireMode": "Single",
        "FireRate": {
          "Base": 1.3
        },
        "Shot": {
          "Projectiles": 1,
          "AmmoConsumed": 1,
          "Speed": 33999,
          "DragCoefficient": 1E-05,
          "GravityMultiplier": 1.15,
          "ProjectileSize": {
            "InitialSize": 0.5,
            "Step1": {
              "Size": 1.5,
              "Time": 0.118
            },
            "Step2": {
              "Size": 2.5,
              "Time": 0.235
            },
            "Final": {
              "Size": 3.25,
              "Time": 0.353
            }
          },
          "MaxHeadshotDistance": 29528,
          "Damage": {
            "Amount": {
              "Near": 75,
              "Far": 99
            },
            "Distance": {
              "Near": 2953,
              "Far": 7874,
              "VeryFar": 7874
            },
            "Multipliers": {
              "Flesh": 1,
              "Shield": 1,
              "Head": 1.8,
              "Leg": 0.9,
              "CriticalHit": 2
            }
          }
        }
      },
      "Handling": {
        "TacReloadTime": {
          "Base": 3.5,
          "Common": 3.3845,
          "Rare": 3.2655,
          "Epic": 3.15
        },
        "FullReloadTime": {
          "Base": 4.6,
          "Common": 4.4482,
          "Rare": 4.2918,
          "Epic": 4.14
        },
        "PickupTime": 1.5,
        "EquipTime": {
          "Base": 0.8,
          "Common": 0.68,
          "Rare": 0.64,
          "Epic": 0.6
        },
        "HolsterTime": {
          "Base": 0.5,
          "Common": 0.425,
          "Rare": 0.4,
          "Epic": 0.375
        },
        "RaiseTime": {
          "Base": 0.7,
          "Common": 0.63,
          "Rare": 0.595,
          "Epic": 0.56
        },
        "LowerTime": {
          "Base": 0.4,
          "Common": 0.36,
          "Rare": 0.34,
          "Epic": 0.32
        },
        "ZoomInTime": {
          "Base": 0.2,
          "Common": 0.18,
          "Rare": 0.17,
          "Epic": 0.16
        },
        "ZoomOutTime": {
          "Base": 0.15,
          "Common": 0.135,
          "Rare": 0.1275,
          "Epic": 0.12
        },
        "AdsMovementSpeedMultiplier": 0.35
      },
      "Spread": {
        "DecayDelay": {
          "Base": 0.1
        },
        "DecayRate": {
          "Base": 4
        },
        "MovingIncreaseRate": {},
        "MovingDecayRate": {},
        "Hipfire": {
          "Standing": {
            "Base": 2.25
          },
          "Walking": {
            "Base": 3
          },
          "Sprinting": {
            "Base": 3.5
          },
          "Crouching": {
            "Base": 1.75
          },
          "InAir": {
            "Base": 3.75
          },
          "Hovering": {
            "Base": 10
          }
        },
        "ADS": {
          "Standing": 0,
          "Crouching": 0,
          "InAir": 3.75,
          "Hovering": 0.6
        }
      }
    },
    "Selectfire": {
      "Type": "Hopup",
      "Name": "Selectfire",
      "Ammo": {
        "Type": "Sniper",
        "MagazineSize": {
          "Base": 6,
          "Common": 7,
          "Rare": 8,
          "Epic": 9,
          "Legendary": 9
        }
      },
      "Firing": {
        "FireMode": "Automatic",
        "FireRate": {
          "Base": 1.4
        },
        "Shot": {
          "Projectiles": 1,
          "AmmoConsumed": 1,
          "Speed": 33999,
          "DragCoefficient": 1E-05,
          "GravityMultiplier": 1.15,
          "ProjectileSize": {
            "InitialSize": 0.5,
            "Step1": {
              "Size": 1.5,
              "Time": 0.118
            },
            "Step2": {
              "Size": 2.5,
              "Time": 0.235
            },
            "Final": {
              "Size": 3.25,
              "Time": 0.353
            }
          },
          "MaxHeadshotDistance": 29528,
          "Damage": {
            "Amount": {
              "Near": 45,
              "Far": 59.4
            },
            "Distance": {
              "Near": 2953,
              "Far": 7874,
              "VeryFar": 7874
            },
            "Multipliers": {
              "Flesh": 1,
              "Shield": 1,
              "Head": 1.8,
              "Leg": 0.9,
              "CriticalHit": 2
            }
          }
        }
      },
      "Handling": {
        "TacReloadTime": {
          "Base": 3.5,
          "Common": 3.3845,
          "Rare": 3.2655,
          "Epic": 3.15
        },
        "FullReloadTime": {
          "Base": 4.6,
          "Common": 4.4482,
          "Rare": 4.2918,
          "Epic": 4.14
        },
        "PickupTime": 1.5,
        "EquipTime": {
          "Base": 0.8,
          "Common": 0.68,
          "Rare": 0.64,
          "Epic": 0.6
        },
        "HolsterTime": {
          "Base": 0.5,
          "Common": 0.425,
          "Rare": 0.4,
          "Epic": 0.375
        },
        "RaiseTime": {
          "Base": 0.7,
          "Common": 0.63,
          "Rare": 0.595,
          "Epic": 0.56
        },
        "LowerTime": {
          "Base": 0.4,
          "Common": 0.36,
          "Rare": 0.34,
          "Epic": 0.32
        },
        "ZoomInTime": {
          "Base": 0.2,
          "Common": 0.18,
          "Rare": 0.17,
          "Epic": 0.16
        },
        "ZoomOutTime": {
          "Base": 0.15,
          "Common": 0.135,
          "Rare": 0.1275,
          "Epic": 0.12
        },
        "AdsMovementSpeedMultiplier": 0.35
      },
      "Spread": {
        "DecayDelay": {
          "Base": 0.1
        },
        "DecayRate": {
          "Base": 4
        },
        "MovingIncreaseRate": {},
        "MovingDecayRate": {},
        "Hipfire": {
          "Standing": {
            "Base": 2.25
          },
          "Walking": {
            "Base": 3
          },
          "Sprinting": {
            "Base": 3.5
          },
          "Crouching": {
            "Base": 1.75
          },
          "InAir": {
            "Base": 3.75
          },
          "Hovering": {
            "Base": 10
          }
        },
        "ADS": {
          "Standing": 0,
          "Crouching": 0,
          "InAir": 3.75,
          "Hovering": 0.6
        }
      }
    }
  }
}