{
  "Name": "Devotion",
  "ID": "devotion",
  "IsMythic": false,
  "WeaponModes": {
    "Default": {
      "Type": "Base",
      "Name": "Default",
      "Ammo": {
        "Type": "Energy",
        "MagazineSize": {
          "Base": 36,
          "Common": 40,
          "Rare": 44,
          "Epic": 48,
          "Legendary": 48
        }
      },
      "Firing": {
        "FireMode": "Automatic",
        "FireRate": {
          "Base": 5
        },
        "FireRateMax": 15,
        "TimeFireRateMax": 1.5,
        "Shot": {
          "Projectiles": 1,
          "AmmoConsumed": 1,
          "Speed": 33500,
          "DragCoefficient": 0,
          "GravityMultiplier": 1.4,
          "MaxHeadshotDistance": 2250,
          "ProjectileSize": {
            "InitialSize": 0
          },
          "Damage": {
            "Amount": {
              "Near": 16
            },
            "Distance": {
              "Near": 1500,
              "Far": 2500,
              "VeryFar": 5000
            },
            "Multipliers": {
              "Flesh": 1,
              "Shield": 1,
              "Head": 1.25,
              "Leg": 0.85,
              "CriticalHit": 1.5
            }
          },
          "RecoilPattern": [
            {
              "X": 0,
              "Y": 0
            },
            {
              "X": -0.03,
              "Y": 0.82
            },
            {
              "X": -0.04,
              "Y": 1.49
            },
            {
              "X": -0.05,
              "Y": 2.12
            },
            {
              "X": -0.13,
              "Y": 2.75
            },
            {
              "X": -0.26,
              "Y": 3.3
            },
            {
              "X": -0.38,
              "Y": 3.81
            },
            {
              "X": -0.5,
              "Y": 4.34
            },
            {
              "X": -0.75,
              "Y": 4.58
            },
            {
              "X": -0.87,
              "Y": 4.9
            },
            {
              "X": -1,
              "Y": 5.19
            },
            {
              "X": -1.19,
              "Y": 5.55
            },
            {
              "X": -1.4,
              "Y": 5.77
            },
            {
              "X": -1.65,
              "Y": 5.89
            },
            {
              "X": -1.96,
              "Y": 5.98
            },
            {
              "X": -2.25,
              "Y": 6
            },
            {
              "X": -2.42,
              "Y": 5.92
            },
            {
              "X": -2.67,
              "Y": 6
            },
            {
              "X": -2.61,
              "Y": 6.23
            },
            {
              "X": -2.61,
              "Y": 6.49
            },
            {
              "X": -2.45,
              "Y": 6.68
            },
            {
              "X": -2.27,
              "Y": 6.79
            },
            {
              "X": -2.09,
              "Y": 6.92
            },
            {
              "X": -1.82,
              "Y": 7.07
            },
            {
              "X": -1.53,
              "Y": 7.22
            },
            {
              "X": -1.4,
              "Y": 7.38
            },
            {
              "X": -1.47,
              "Y": 7.56
            },
            {
              "X": -1.41,
              "Y": 7.8
            },
            {
              "X": -1.26,
              "Y": 8.02
            },
            {
              "X": -1.05,
              "Y": 8.19
            },
            {
              "X": -0.8,
              "Y": 8.29
            },
            {
              "X": -0.57,
              "Y": 8.27
            },
            {
              "X": -0.34,
              "Y": 8.25
            },
            {
              "X": -0.15,
              "Y": 8.43
            },
            {
              "X": 0.04,
              "Y": 8.61
            },
            {
              "X": 0.08,
              "Y": 8.82
            },
            {
              "X": 0.19,
              "Y": 8.99
            },
            {
              "X": 0.11,
              "Y": 9.16
            },
            {
              "X": 0.03,
              "Y": 9.33
            },
            {
              "X": 0.09,
              "Y": 9.51
            },
            {
              "X": 0.15,
              "Y": 9.65
            },
            {
              "X": 0.3,
              "Y": 9.73
            },
            {
              "X": 0.36,
              "Y": 9.84
            },
            {
              "X": 0.36,
              "Y": 9.99
            },
            {
              "X": 0.21,
              "Y": 10.08
            }
          ]
        }
      },
      "Handling": {
        "TacReloadTime": {
          "Base": 3.2,
          "Common": 3.0944,
          "Rare": 2.9856,
          "Epic": 2.88
        },
        "FullReloadTime": {
          "Base": 4.1,
          "Common": 3.9647,
          "Rare": 3.8253,
          "Epic": 3.69
        },
        "PickupTime": 1.45,
        "EquipTime": {
          "Base": 0.8,
          "Common": 0.68,
          "Rare": 0.64,
          "Epic": 0.6
        },
        "HolsterTime": {
          "Base": 0.75,
          "Common": 0.6375,
          "Rare": 0.6,
          "Epic": 0.5625
        },
        "RaiseTime": {
          "Base": 0.65,
          "Common": 0.585,
          "Rare": 0.5525,
          "Epic": 0.52
        },
        "LowerTime": {
          "Base": 0.6,
          "Common": 0.54,
          "Rare": 0.51,
          "Epic": 0.48
        },
        "ZoomInTime": {
          "Base": 0.34,
          "Common": 0.289,
          "Rare": 0.272,
          "Epic": 0.255
        },
        "ZoomOutTime": {
          "Base": 0.3,
          "Common": 0.255,
          "Rare": 0.24,
          "Epic": 0.225
        },
        "AdsMovementSpeedMultiplier": 0.4
      },
      "Spread": {
        "DecayDelay": {
          "Base": 0.3
        },
        "DecayRate": {
          "Base": 20
        },
        "MovingIncreaseRate": {},
        "MovingDecayRate": {},
        "Hipfire": {
          "Standing": {
            "Base": 2.5
          },
          "Walking": {
            "Base": 3
          },
          "Sprinting": {
            "Base": 3.5
          },
          "Crouching": {
            "Base": 1.75
          },
          "InAir": {
            "Base": 5
          },
          "Hovering": {
            "Base": 5
          }
        },
        "ADS": {
          "Standing": 0.1,
          "Crouching": 0.05,
          "InAir": 6,
          "Hovering": 0.6
        }
      }
    },
    "Turbocharger": {
      "Type": "Hopup",
      "Name": "Turbocharger",
      "Ammo": {
        "Type": "Energy",
        "MagazineSize": {
          "Base": 36,
          "Common": 40,
          "Rare": 44,
          "Epic": 48,
          "Legendary": 48
        }
      },
      "Firing": {
        "FireMode": "Automatic",
        "FireRate": {
          "Base": 6.8
        },
        "FireRateMax": 15,
        "TimeFireRateMax": 0.85,
        "Shot": {
          "Projectiles": 1,
          "AmmoConsumed": 1,
          "Speed": 33500,
          "DragCoefficient": 0,
          "GravityMultiplier": 1.4,
          "MaxHeadshotDistance": 2250,
          "ProjectileSize": {
            "InitialSize": 0
          },
          "Damage": {
            "Amount": {
              "Near": 16
            },
            "Distance": {
              "Near": 1500,
              "Far": 2500,
              "VeryFar": 5000
            },
            "Multipliers": {
              "Flesh": 1,
              "Shield": 1,
              "Head": 1.25,
              "Leg": 0.85,
              "CriticalHit": 1.5
            }
          },
          "RecoilPattern": [
            {
              "X": 0,
              "Y": 0
            },
            {
              "X": -0.03,
              "Y": 0.82
            },
            {
              "X": -0.04,
              "Y": 1.49
            },
            {
              "X": -0.05,
              "Y": 2.12
            },
            {
              "X": -0.13,
              "Y": 2.75
            },
            {
              "X": -0.26,
              "Y": 3.3
            },
            {
              "X": -0.38,
              "Y": 3.81
            },
            {
              "X": -0.5,
              "Y": 4.34
            },
            {
              "X": -0.75,
              "Y": 4.58
            },
            {
              "X": -0.87,
              "Y": 4.9
            },
            {
              "X": -1,
              "Y": 5.19
            },
            {
              "X": -1.19,
              "Y": 5.55
            },
            {
              "X": -1.4,
              "Y": 5.77
            },
            {
              "X": -1.65,
              "Y": 5.89
            },
            {
              "X": -1.96,
              "Y": 5.98
            },
            {
              "X": -2.25,
              "Y": 6
            },
            {
              "X": -2.42,
              "Y": 5.92
            },
            {
              "X": -2.67,
              "Y": 6
            },
            {
              "X": -2.61,
              "Y": 6.23
            },
            {
              "X": -2.61,
              "Y": 6.49
            },
            {
              "X": -2.45,
              "Y": 6.68
            },
            {
              "X": -2.27,
              "Y": 6.79
            },
            {
              "X": -2.09,
              "Y": 6.92
            },
            {
              "X": -1.82,
              "Y": 7.07
            },
            {
              "X": -1.53,
              "Y": 7.22
            },
            {
              "X": -1.4,
              "Y": 7.38
            },
            {
              "X": -1.47,
              "Y": 7.56
            },
            {
              "X": -1.41,
              "Y": 7.8
            },
            {
              "X": -1.26,
              "Y": 8.02
            },
            {
              "X": -1.05,
              "Y": 8.19
            },
            {
              "X": -0.8,
              "Y": 8.29
            },
            {
              "X": -0.57,
              "Y": 8.27
            },
            {
              "X": -0.34,
              "Y": 8.25
            },
            {
              "X": -0.15,
              "Y": 8.43
            },
            {
              "X": 0.04,
              "Y": 8.61
            },
            {
              "X": 0.08,
              "Y": 8.82
            },
            {
              "X": 0.19,
              "Y": 8.99
            },
            {
              "X": 0.11,
              "Y": 9.16
            },
            {
              "X": 0.03,
              "Y": 9.33
            },
            {
              "X": 0.09,
              "Y": 9.51
            },
            {
              "X": 0.15,
              "Y": 9.65
            },
            {
              "X": 0.3,
              "Y": 9.73
            },
            {
              "X": 0.36,
              "Y": 9.84
            },
            {
              "X": 0.36,
              "Y": 9.99
            },
            {
              "X": 0.21,
              "Y": 10.08
            }
          ]
        }
      },
      "Handling": {
        "TacReloadTime": {
          "Base": 3.2,
          "Common": 3.0944,
          "Rare": 2.9856,
          "Epic": 2.88
        },
        "FullReloadTime": {
          "Base": 4.1,
          "Common": 3.9647,
          "Rare": 3.8253,
          "Epic": 3.69
        },
        "PickupTime": 1.45,
        "EquipTime": {
          "Base": 0.8,
          "Common": 0.68,
          "Rare": 0.64,
          "Epic": 0.6
        },
        "HolsterTime": {
          "Base": 0.75,
          "Common": 0.6375,
          "Rare": 0.6,
          "Epic": 0.5625
        },
        "RaiseTime": {
          "Base": 0.65,
          "Common": 0.585,
          "Rare": 0.5525,
          "Epic": 0.52
        },
        "LowerTime": {
          "Base": 0.6,
          "Common": 0.54,
          "Rare": 0.51,
          "Epic": 0.48
        },
        "ZoomInTime": {
          "Base": 0.34,
          "Common": 0.289,
          "Rare": 0.272,
          "Epic": 0.255
        },
        "ZoomOutTime": {
          "Base": 0.3,
          "Common": 0.255,
          "Rare": 0.24,
          "Epic": 0.225
        },
        "AdsMovementSpeedMultiplier": 0.4
      },
      "Spread": {
        "DecayDelay": {
          "Base": 0.3
        },
        "DecayRate": {
          "Base": 20
        },
        "MovingIncreaseRate": {},
        "MovingDecayRate": {},
        "Hipfire": {
          "Standing": {
            "Base": 2.5
          },
          "Walking": {
            "Base": 3
          },
          "Sprinting": {
            "Base": 3.5
          },
          "Crouching": {
            "Base": 1.75
          },
          "InAir": {
            "Base": 5
          },
          "Hovering": {
            "Base": 5
          }
        },
        "ADS": {
          "Standing": 0.1,
          "Crouching": 0.05,
          "InAir": 6,
          "Hovering": 0.6
        }
      }
    }
  }
}