{
  "Name": "Flatline",
  "WeaponModes": {
    "Default": {
      "Type": "Base",
      "Name": "Default",
      "Ammo": {
        "Type": "Heavy",
        "MagazineSize": {
          "Base": 19,
          "Common": 23,
          "Rare": 27,
          "Epic": 29,
          "Legendary": 29
        }
      },
      "Firing": {
        "FireMode": "Automatic",
        "FireRate": {
          "Base": 10
        },
        "Shot": {
          "Projectiles": 1,
          "AmmoConsumed": 1,
          "Speed": 24000,
          "DragCoefficient": 0.0025,
          "GravityMultiplier": 1.3,
          "ProjectileSize": {
            "InitialSize": 0
          },
          "MaxHeadshotDistance": 11828,
          "Damage": {
            "Amount": {
              "Near": 19
            },
            "Distance": {
              "Near": 1000,
              "Far": 2500,
              "VeryFar": 5000
            },
            "Multipliers": {
              "Flesh": 1,
              "Shield": 1,
              "Head": 1.3,
              "Leg": 0.75,
              "CriticalHit": 1.5
            }
          },
          "RecoilPattern": [
            {
              "X": -0.1,
              "Y": 0.76
            },
            {
              "X": -0.15,
              "Y": 1
            },
            {
              "X": -0.47,
              "Y": 1.48
            },
            {
              "X": -0.68,
              "Y": 1.83
            },
            {
              "X": -0.79,
              "Y": 2.29
            },
            {
              "X": -0.78,
              "Y": 2.75
            },
            {
              "X": -0.63,
              "Y": 2.88
            },
            {
              "X": -0.31,
              "Y": 2.78
            },
            {
              "X": -0.22,
              "Y": 2.7
            },
            {
              "X": -0.09,
              "Y": 2.86
            },
            {
              "X": -0,
              "Y": 3.19
            },
            {
              "X": -0.15,
              "Y": 3.29
            },
            {
              "X": -0.48,
              "Y": 3.51
            },
            {
              "X": -0.65,
              "Y": 3.58
            },
            {
              "X": -0.97,
              "Y": 3.5
            },
            {
              "X": -1.11,
              "Y": 3.57
            },
            {
              "X": -1.17,
              "Y": 3.96
            },
            {
              "X": -1.28,
              "Y": 4.34
            },
            {
              "X": -1.51,
              "Y": 4.56
            },
            {
              "X": -1.81,
              "Y": 4.65
            },
            {
              "X": -1.94,
              "Y": 4.68
            },
            {
              "X": -1.9,
              "Y": 4.96
            },
            {
              "X": -1.67,
              "Y": 5.12
            },
            {
              "X": -1.52,
              "Y": 5.25
            },
            {
              "X": -1.26,
              "Y": 5.41
            },
            {
              "X": -0.99,
              "Y": 5.51
            },
            {
              "X": -0.73,
              "Y": 5.41
            },
            {
              "X": -0.62,
              "Y": 5.64
            },
            {
              "X": -0.47,
              "Y": 5.95
            },
            {
              "X": -0.48,
              "Y": 6.26
            }
          ]
        }
      },
      "Handling": {
        "TacReloadTime": {
          "Base": 2.4,
          "Common": 2.3208,
          "Rare": 2.2392,
          "Epic": 2.16
        },
        "FullReloadTime": {
          "Base": 3.1,
          "Common": 2.9977,
          "Rare": 2.8923,
          "Epic": 2.79
        },
        "PickupTime": 1.25,
        "EquipTime": {
          "Base": 0.6,
          "Common": 0.51,
          "Rare": 0.48,
          "Epic": 0.45
        },
        "HolsterTime": {
          "Base": 0.55,
          "Common": 0.4675,
          "Rare": 0.44,
          "Epic": 0.4125
        },
        "RaiseTime": {
          "Base": 0.5,
          "Common": 0.45,
          "Rare": 0.425,
          "Epic": 0.4
        },
        "LowerTime": {
          "Base": 0.4,
          "Common": 0.36,
          "Rare": 0.34,
          "Epic": 0.32
        },
        "ZoomInTime": {
          "Base": 0.27,
          "Common": 0.2295,
          "Rare": 0.216,
          "Epic": 0.2025
        },
        "ZoomOutTime": {
          "Base": 0.23,
          "Common": 0.1955,
          "Rare": 0.184,
          "Epic": 0.1725
        },
        "AdsMovementSpeedMultiplier": 0.5
      },
      "Spread": {
        "DecayDelay": {
          "Base": 0.25
        },
        "DecayRate": {
          "Base": 100
        },
        "MovingIncreaseRate": {
          "Base": 3
        },
        "MovingDecayRate": {
          "Base": 44
        },
        "Hipfire": {
          "Standing": {
            "Base": 4.5
          },
          "Walking": {
            "Base": 9.9
          },
          "Sprinting": {
            "Base": 12.6
          },
          "Crouching": {
            "Base": 3.6
          },
          "InAir": {
            "Base": 12.6
          },
          "Hovering": {
            "Base": 12.6
          }
        },
        "ADS": {
          "Standing": 0,
          "Crouching": 0,
          "InAir": 6,
          "Hovering": 0.6
        }
      }
    }
  }
}