{
  "Name": "G7 Scout",
  "WeaponModes": {
    "Default": {
      "Type": "Base",
      "Name": "Default",
      "Ammo": {
        "Type": "Light",
        "MagazineSize": {
          "Base": 10,
          "Common": 15,
          "Rare": 18,
          "Epic": 20,
          "Legendary": 20
        }
      },
      "Firing": {
        "FireMode": "Single",
        "FireRate": {
          "Base": 4.1
        },
        "Shot": {
          "Projectiles": 1,
          "AmmoConsumed": 1,
          "Speed": 29000,
          "DragCoefficient": 0.0033,
          "GravityMultiplier": 1.4,
          "ProjectileSize": {
            "InitialSize": 0,
            "Step1": {
              "Size": 0,
              "Time": 0.11
            },
            "Step2": {
              "Size": 0.25,
              "Time": 0.12
            },
            "Final": {
              "Size": 0.25,
              "Time": 0.01
            }
          },
          "MaxHeadshotDistance": 17716,
          "Damage": {
            "Amount": {
              "Near": 36
            },
            "Distance": {
              "Near": 1000,
              "Far": 2500,
              "VeryFar": 5000
            },
            "Multipliers": {
              "Flesh": 1,
              "Shield": 1,
              "Head": 1.45,
              "Leg": 0.75,
              "CriticalHit": null
            }
          },
          "RecoilPattern": [
            {
              "X": -0.01,
              "Y": 0.97
            },
            {
              "X": -0,
              "Y": 1.91
            },
            {
              "X": -0.18,
              "Y": 2.98
            },
            {
              "X": -0.4,
              "Y": 4.51
            },
            {
              "X": -0.58,
              "Y": 5.97
            },
            {
              "X": -0.47,
              "Y": 7.39
            },
            {
              "X": -0.48,
              "Y": 8.83
            },
            {
              "X": -0.67,
              "Y": 10.26
            },
            {
              "X": -0.59,
              "Y": 11.63
            },
            {
              "X": -0.55,
              "Y": 12.99
            }
          ]
        }
      },
      "Handling": {
        "TacReloadTime": {
          "Base": 2.4,
          "Common": 2.3208,
          "Rare": 2.2392,
          "Epic": 2.16
        },
        "FullReloadTime": {
          "Base": 3,
          "Common": 2.901,
          "Rare": 2.799,
          "Epic": 2.7
        },
        "PickupTime": 1.42,
        "EquipTime": {
          "Base": 0.6,
          "Common": 0.45,
          "Rare": 0.42,
          "Epic": 0.39
        },
        "HolsterTime": {
          "Base": 0.5,
          "Common": 0.375,
          "Rare": 0.35,
          "Epic": 0.325
        },
        "RaiseTime": {
          "Base": 0.4,
          "Common": 0.32,
          "Rare": 0.3,
          "Epic": 0.28
        },
        "LowerTime": {
          "Base": 0.35,
          "Common": 0.28,
          "Rare": 0.2625,
          "Epic": 0.245
        },
        "ZoomInTime": {
          "Base": 0.32,
          "Common": 0.256,
          "Rare": 0.24,
          "Epic": 0.224
        },
        "ZoomOutTime": {
          "Base": 0.25,
          "Common": 0.2,
          "Rare": 0.1875,
          "Epic": 0.175
        },
        "AdsMovementSpeedMultiplier": 0.425
      },
      "Spread": {
        "DecayDelay": {
          "Base": 0.24
        },
        "DecayRate": {
          "Base": 6
        },
        "MovingIncreaseRate": {
          "Base": 5
        },
        "MovingDecayRate": {
          "Base": 16.25
        },
        "Hipfire": {
          "Standing": {
            "Base": 3
          },
          "Walking": {
            "Base": 6.25
          },
          "Sprinting": {
            "Base": 7.5
          },
          "Crouching": {
            "Base": 2.25
          },
          "InAir": {
            "Base": 7
          },
          "Hovering": {
            "Base": 7
          }
        },
        "ADS": {
          "Standing": 0,
          "Crouching": 0,
          "InAir": 6,
          "Hovering": 0.6
        }
      }
    }
  }
}