{
  "Name": "Hemlok (Mythic)",
  "IsMythic": true,
  "WeaponModes": {
    "Default": {
      "Type": "Base",
      "Name": "Default",
      "Ammo": {
        "Type": "Heavy",
        "MagazineSize": {
          "Base": 30
        }
      },
      "Firing": {
        "FireMode": "Burst Fire",
        "BurstCount": 3,
        "BurstDelay": 0.25,
        "FireRate": {
          "Base": 15.5
        },
        "Shot": {
          "Projectiles": 1,
          "AmmoConsumed": 1,
          "Speed": 27500,
          "DragCoefficient": 0.0025,
          "GravityMultiplier": 1.3,
          "MaxHeadshotDistance": 11828,
          "ProjectileSize": {
            "InitialSize": 0
          },
          "Damage": {
            "Amount": {
              "Near": 23
            },
            "Distance": {
              "Near": 1000,
              "Far": 2500,
              "VeryFar": 5000
            },
            "Multipliers": {
              "Flesh": 1,
              "Shield": 1,
              "Head": 1.8,
              "Leg": 0.75,
              "CriticalHit": 1.5
            }
          },
          "RecoilPattern": [
            {
              "X": 0.07,
              "Y": 0.59
            },
            {
              "X": 0.12,
              "Y": 1.08
            },
            {
              "X": -0.17,
              "Y": 1.65
            },
            {
              "X": -0.29,
              "Y": 2.19
            },
            {
              "X": -0.66,
              "Y": 2.6
            },
            {
              "X": -0.77,
              "Y": 3.06
            },
            {
              "X": -1.17,
              "Y": 3.45
            },
            {
              "X": -1.48,
              "Y": 3.82
            },
            {
              "X": -1.72,
              "Y": 4.09
            },
            {
              "X": -1.65,
              "Y": 4.49
            },
            {
              "X": -1.41,
              "Y": 4.83
            },
            {
              "X": -1.15,
              "Y": 5.19
            },
            {
              "X": -0.87,
              "Y": 5.53
            },
            {
              "X": -0.5,
              "Y": 5.75
            },
            {
              "X": -0.33,
              "Y": 6.17
            },
            {
              "X": -0.56,
              "Y": 6.5
            },
            {
              "X": -0.95,
              "Y": 6.71
            },
            {
              "X": -1.22,
              "Y": 7.01
            },
            {
              "X": -1.4,
              "Y": 7.34
            },
            {
              "X": -1.42,
              "Y": 7.74
            }
          ]
        }
      },
      "Handling": {
        "TacReloadTime": {
          "Base": 2.4
        },
        "FullReloadTime": {
          "Base": 2.85
        },
        "PickupTime": 1.25,
        "EquipTime": {
          "Base": 0.6
        },
        "HolsterTime": {
          "Base": 0.55
        },
        "RaiseTime": {
          "Base": 0.5
        },
        "LowerTime": {
          "Base": 0.4
        },
        "ZoomInTime": {
          "Base": 0.27
        },
        "ZoomOutTime": {
          "Base": 0.23
        },
        "AdsMovementSpeedMultiplier": 0.5
      },
      "Spread": {
        "DecayDelay": {
          "Base": 0.3
        },
        "DecayRate": {
          "Base": 18
        },
        "MovingIncreaseRate": {
          "Base": 3
        },
        "MovingDecayRate": {
          "Base": 44
        },
        "Hipfire": {
          "Standing": {
            "Base": 4
          },
          "Walking": {
            "Base": 9
          },
          "Sprinting": {
            "Base": 12
          },
          "Crouching": {
            "Base": 3.6
          },
          "InAir": {
            "Base": 12.6
          },
          "Hovering": {
            "Base": 12.6
          }
        },
        "ADS": {
          "Standing": 0,
          "Crouching": 0,
          "InAir": 6,
          "Hovering": 0.6
        }
      }
    }
  }
}