{
  "Name": "Kraber",
  "IsMythic": false,
  "WeaponModes": {
    "Default": {
      "Type": "Base",
      "Name": "Default",
      "Ammo": {
        "Type": "Unknown",
        "MagazineSize": {
          "Base": 4
        }
      },
      "Firing": {
        "FireMode": "Manual Action",
        "FireRate": {
          "Base": 1.2
        },
        "RechamberTime": {
          "Base": 1.6
        },
        "Shot": {
          "Projectiles": 1,
          "AmmoConsumed": 1,
          "Speed": 29500,
          "DragCoefficient": 0.0033,
          "GravityMultiplier": 1.4,
          "ProjectileSize": {
            "InitialSize": 0,
            "Step1": {
              "Size": 0.33,
              "Time": 0.133
            },
            "Step2": {
              "Size": 1.25,
              "Time": 0.267
            },
            "Final": {
              "Size": 2,
              "Time": 0.4
            }
          },
          "MaxHeadshotDistance": 29528,
          "Damage": {
            "Amount": {
              "Near": 150
            },
            "Distance": {
              "Near": 7500,
              "Far": 10000,
              "VeryFar": 12000
            },
            "Multipliers": {
              "Flesh": 1,
              "Shield": 1,
              "Head": 1.4,
              "Leg": 0.8,
              "CriticalHit": 2
            }
          }
        }
      },
      "Handling": {
        "TacReloadTime": {
          "Base": 3.2
        },
        "FullReloadTime": {
          "Base": 4.3
        },
        "PickupTime": 1.5,
        "EquipTime": {
          "Base": 1.2
        },
        "HolsterTime": {
          "Base": 0.8
        },
        "RaiseTime": {
          "Base": 0.8
        },
        "LowerTime": {
          "Base": 0.55
        },
        "ZoomInTime": {
          "Base": 0.58
        },
        "ZoomOutTime": {
          "Base": 0.55
        },
        "AdsMovementSpeedMultiplier": 0.35
      },
      "Spread": {
        "DecayDelay": {
          "Base": 0.1
        },
        "DecayRate": {
          "Base": 4
        },
        "MovingIncreaseRate": {},
        "MovingDecayRate": {},
        "Hipfire": {
          "Standing": {
            "Base": 8
          },
          "Walking": {
            "Base": 10
          },
          "Sprinting": {
            "Base": 11
          },
          "Crouching": {
            "Base": 6
          },
          "InAir": {
            "Base": 10
          },
          "Hovering": {
            "Base": 10
          }
        },
        "ADS": {
          "Standing": 0,
          "Crouching": 0,
          "InAir": 6,
          "Hovering": 0.6
        }
      }
    }
  }
}