{
  "Name": "Longbow",
  "ID": "longbow",
  "IsMythic": false,
  "WeaponModes": {
    "Default": {
      "Type": "Base",
      "Name": "Default",
      "Ammo": {
        "Type": "Sniper",
        "MagazineSize": {
          "Base": 6,
          "Common": 8,
          "Rare": 10,
          "Epic": 12,
          "Legendary": 12
        }
      },
      "Firing": {
        "FireMode": "Semi Automatic",
        "FireRate": {
          "Base": 1.3
        },
        "Shot": {
          "Projectiles": 1,
          "AmmoConsumed": 1,
          "Speed": 31000,
          "DragCoefficient": 0,
          "GravityMultiplier": 1.3,
          "MaxHeadshotDistance": 29528,
          "ProjectileSize": {
            "InitialSize": 0,
            "Step1": {
              "Size": 0.33,
              "Time": 0.129
            },
            "Step2": {
              "Size": 1.25,
              "Time": 0.258
            },
            "Final": {
              "Size": 2,
              "Time": 0.387
            }
          },
          "Damage": {
            "Amount": {
              "Near": 60
            },
            "Distance": {
              "Near": 7500,
              "Far": 10000,
              "VeryFar": 12000
            },
            "Multipliers": {
              "Flesh": 1,
              "Shield": 1,
              "Head": 1.8,
              "Leg": 0.8,
              "CriticalHit": 2
            }
          }
        }
      },
      "Handling": {
        "TacReloadTime": {
          "Base": 2.66,
          "Common": 2.57222,
          "Rare": 2.48178,
          "Epic": 2.394
        },
        "FullReloadTime": {
          "Base": 3.66,
          "Common": 3.53922,
          "Rare": 3.41478,
          "Epic": 3.294
        },
        "PickupTime": 1.6,
        "EquipTime": {
          "Base": 0.7,
          "Common": 0.595,
          "Rare": 0.56,
          "Epic": 0.525
        },
        "HolsterTime": {
          "Base": 0.6,
          "Common": 0.51,
          "Rare": 0.48,
          "Epic": 0.45
        },
        "RaiseTime": {
          "Base": 0.55,
          "Common": 0.495,
          "Rare": 0.4675,
          "Epic": 0.44
        },
        "LowerTime": {
          "Base": 0.5,
          "Common": 0.45,
          "Rare": 0.425,
          "Epic": 0.4
        },
        "ZoomInTime": {
          "Base": 0.31,
          "Common": 0.279,
          "Rare": 0.2635,
          "Epic": 0.248
        },
        "ZoomOutTime": {
          "Base": 0.28,
          "Common": 0.252,
          "Rare": 0.238,
          "Epic": 0.224
        },
        "AdsMovementSpeedMultiplier": 0.35
      },
      "Spread": {
        "DecayDelay": {
          "Base": 0.1
        },
        "DecayRate": {
          "Base": 4
        },
        "MovingIncreaseRate": {},
        "MovingDecayRate": {},
        "Hipfire": {
          "Standing": {
            "Base": 8
          },
          "Walking": {
            "Base": 10
          },
          "Sprinting": {
            "Base": 11
          },
          "Crouching": {
            "Base": 6
          },
          "InAir": {
            "Base": 10
          },
          "Hovering": {
            "Base": 10
          }
        },
        "ADS": {
          "Standing": 0,
          "Crouching": 0,
          "InAir": 6,
          "Hovering": 0.6
        }
      }
    }
  }
}