{
  "Name": "L-STAR (Mythic)",
  "IsMythic": true,
  "WeaponModes": {
    "Default": {
      "Type": "Base",
      "Name": "Default",
      "Ammo": {
        "Type": "Energy",
        "MagazineSize": {
          "Base": 0
        }
      },
      "Firing": {
        "FireMode": "Automatic",
        "FireRate": {
          "Base": 10
        },
        "Shot": {
          "Projectiles": 1,
          "AmmoConsumed": 1,
          "Speed": 24000,
          "DragCoefficient": 0,
          "GravityMultiplier": 0.5,
          "MaxHeadshotDistance": 2250,
          "ProjectileSize": {
            "InitialSize": 0,
            "Step1": {
              "Size": 1,
              "Time": 0.075
            },
            "Step2": {
              "Size": 2.5,
              "Time": 0.18
            },
            "Final": {
              "Size": 3.5,
              "Time": 0.18
            }
          },
          "Damage": {
            "Amount": {
              "Near": 21
            },
            "Distance": {
              "Near": 1500,
              "Far": 2500,
              "VeryFar": 5000
            },
            "Multipliers": {
              "Flesh": 1,
              "Shield": 1.6,
              "Head": 1.25,
              "Leg": 0.85,
              "CriticalHit": 1.5
            }
          },
          "RecoilPattern": [
            {
              "X": 0,
              "Y": 0
            },
            {
              "X": -0.31,
              "Y": 0.8040001
            },
            {
              "X": -0.7,
              "Y": 1.4760001
            },
            {
              "X": -1.02,
              "Y": 2.196
            },
            {
              "X": -1.13,
              "Y": 2.976
            },
            {
              "X": -0.87,
              "Y": 3.684
            },
            {
              "X": -0.46,
              "Y": 4.296
            },
            {
              "X": -0.13,
              "Y": 4.8600006
            },
            {
              "X": -0.01,
              "Y": 5.556
            },
            {
              "X": -0.12,
              "Y": 6.192
            },
            {
              "X": -0.4,
              "Y": 6.6840005
            },
            {
              "X": -0.73,
              "Y": 7.2120004
            },
            {
              "X": -0.89,
              "Y": 7.8120008
            },
            {
              "X": -0.8,
              "Y": 8.3880005
            },
            {
              "X": -0.63,
              "Y": 8.832001
            },
            {
              "X": -0.43,
              "Y": 9.228001
            },
            {
              "X": -0.28,
              "Y": 9.552
            },
            {
              "X": -0.22,
              "Y": 10.044001
            },
            {
              "X": -0.28,
              "Y": 10.524001
            },
            {
              "X": -0.4,
              "Y": 10.992001
            },
            {
              "X": -0.47,
              "Y": 11.448
            },
            {
              "X": -0.53,
              "Y": 11.952001
            },
            {
              "X": -0.51,
              "Y": 12.420001
            },
            {
              "X": -0.37,
              "Y": 12.816001
            },
            {
              "X": -0.23,
              "Y": 13.188001
            },
            {
              "X": -0.17,
              "Y": 13.488
            },
            {
              "X": -0.21,
              "Y": 13.872001
            },
            {
              "X": -0.27,
              "Y": 14.112
            },
            {
              "X": -0.39,
              "Y": 14.268001
            },
            {
              "X": -0.52,
              "Y": 14.412001
            },
            {
              "X": -0.67,
              "Y": 14.412001
            },
            {
              "X": -0.75,
              "Y": 14.58
            }
          ]
        }
      },
      "Handling": {
        "TacReloadTime": {
          "Base": 3.26
        },
        "FullReloadTime": {
          "Base": 3.26
        },
        "PickupTime": 1.45,
        "EquipTime": {
          "Base": 0.8
        },
        "HolsterTime": {
          "Base": 0.75
        },
        "RaiseTime": {
          "Base": 0.65
        },
        "LowerTime": {
          "Base": 0.6
        },
        "ZoomInTime": {
          "Base": 0.34
        },
        "ZoomOutTime": {
          "Base": 0.3
        },
        "AdsMovementSpeedMultiplier": 0.4
      },
      "Spread": {
        "DecayDelay": {
          "Base": 0.3
        },
        "DecayRate": {
          "Base": 10
        },
        "MovingIncreaseRate": {},
        "MovingDecayRate": {},
        "Hipfire": {
          "Standing": {
            "Base": 2.5
          },
          "Walking": {
            "Base": 3
          },
          "Sprinting": {
            "Base": 4
          },
          "Crouching": {
            "Base": 2.25
          },
          "InAir": {
            "Base": 5
          },
          "Hovering": {
            "Base": 5
          }
        },
        "ADS": {
          "Standing": 0,
          "Crouching": 0,
          "InAir": 6,
          "Hovering": 0.6
        }
      }
    }
  }
}