{
  "Name": "L-STAR (Mythic)",
  "IsMythic": true,
  "WeaponModes": {
    "Default": {
      "Type": "Base",
      "Name": "Default",
      "Ammo": {
        "Type": "Energy",
        "MagazineSize": {
          "Base": 0
        }
      },
      "Firing": {
        "FireMode": "Automatic",
        "FireRate": {
          "Base": 10
        },
        "Shot": {
          "Projectiles": 1,
          "AmmoConsumed": 1,
          "Speed": 24000,
          "DragCoefficient": 0,
          "GravityMultiplier": 0.5,
          "ProjectileSize": {
            "InitialSize": 0,
            "Step1": {
              "Size": 1,
              "Time": 0.075
            },
            "Step2": {
              "Size": 2.5,
              "Time": 0.18
            },
            "Final": {
              "Size": 3.5,
              "Time": 0.18
            }
          },
          "MaxHeadshotDistance": 2250,
          "Damage": {
            "Amount": {
              "Near": 21
            },
            "Distance": {
              "Near": 1500,
              "Far": 2500,
              "VeryFar": 5000
            },
            "Multipliers": {
              "Flesh": 1,
              "Shield": 1.6,
              "Head": 1.25,
              "Leg": 0.85,
              "CriticalHit": 1.5
            }
          },
          "RecoilPattern": [
            {
              "X": -0.31,
              "Y": 0.67
            },
            {
              "X": -0.7,
              "Y": 1.23
            },
            {
              "X": -1.02,
              "Y": 1.83
            },
            {
              "X": -1.13,
              "Y": 2.48
            },
            {
              "X": -0.87,
              "Y": 3.07
            },
            {
              "X": -0.46,
              "Y": 3.58
            },
            {
              "X": -0.13,
              "Y": 4.05
            },
            {
              "X": -0.01,
              "Y": 4.63
            },
            {
              "X": -0.12,
              "Y": 5.16
            },
            {
              "X": -0.4,
              "Y": 5.57
            },
            {
              "X": -0.73,
              "Y": 6.01
            },
            {
              "X": -0.89,
              "Y": 6.51
            },
            {
              "X": -0.8,
              "Y": 6.99
            },
            {
              "X": -0.63,
              "Y": 7.36
            },
            {
              "X": -0.43,
              "Y": 7.69
            },
            {
              "X": -0.28,
              "Y": 7.96
            },
            {
              "X": -0.22,
              "Y": 8.37
            },
            {
              "X": -0.28,
              "Y": 8.77
            },
            {
              "X": -0.4,
              "Y": 9.16
            },
            {
              "X": -0.47,
              "Y": 9.54
            },
            {
              "X": -0.53,
              "Y": 9.96
            },
            {
              "X": -0.51,
              "Y": 10.35
            },
            {
              "X": -0.37,
              "Y": 10.68
            },
            {
              "X": -0.23,
              "Y": 10.99
            },
            {
              "X": -0.17,
              "Y": 11.24
            },
            {
              "X": -0.21,
              "Y": 11.56
            },
            {
              "X": -0.27,
              "Y": 11.76
            },
            {
              "X": -0.39,
              "Y": 11.89
            },
            {
              "X": -0.52,
              "Y": 12.01
            },
            {
              "X": -0.67,
              "Y": 12.01
            },
            {
              "X": -0.75,
              "Y": 12.15
            }
          ]
        }
      },
      "Handling": {
        "TacReloadTime": {
          "Base": 3.26
        },
        "FullReloadTime": {
          "Base": 3.26
        },
        "PickupTime": 1.45,
        "EquipTime": {
          "Base": 0.8
        },
        "HolsterTime": {
          "Base": 0.75
        },
        "RaiseTime": {
          "Base": 0.65
        },
        "LowerTime": {
          "Base": 0.6
        },
        "ZoomInTime": {
          "Base": 0.34
        },
        "ZoomOutTime": {
          "Base": 0.3
        },
        "AdsMovementSpeedMultiplier": 0.4
      },
      "Spread": {
        "DecayDelay": {
          "Base": 0.3
        },
        "DecayRate": {
          "Base": 10
        },
        "MovingIncreaseRate": {},
        "MovingDecayRate": {},
        "Hipfire": {
          "Standing": {
            "Base": 2.5
          },
          "Walking": {
            "Base": 3
          },
          "Sprinting": {
            "Base": 4
          },
          "Crouching": {
            "Base": 2.25
          },
          "InAir": {
            "Base": 5
          },
          "Hovering": {
            "Base": 5
          }
        },
        "ADS": {
          "Standing": 0,
          "Crouching": 0,
          "InAir": 6,
          "Hovering": 0.6
        }
      }
    }
  }
}