{
  "Name": "Mastiff",
  "ID": "mastiff",
  "IsMythic": false,
  "WeaponModes": {
    "Default": {
      "Type": "Base",
      "Name": "Default",
      "Ammo": {
        "Type": "Shotgun",
        "MagazineSize": {
          "Base": 5
        }
      },
      "Firing": {
        "FireMode": "Semi Automatic",
        "FireRate": {
          "Base": 1.1,
          "Common": 1.21,
          "Rare": 1.265,
          "Epic": 1.32
        },
        "Shot": {
          "Projectiles": 6,
          "AmmoConsumed": 1,
          "Speed": 16000,
          "DragCoefficient": 0.001,
          "GravityMultiplier": 1,
          "MaxHeadshotDistance": 1500,
          "ProjectileSize": {
            "InitialSize": 0.4,
            "Step1": {
              "Size": 0.6,
              "Time": 0.025
            },
            "Step2": {
              "Size": 1,
              "Time": 0.1
            },
            "Final": {
              "Size": 1,
              "Time": 0.1
            }
          },
          "Damage": {
            "Amount": {
              "Near": 16
            },
            "Distance": {
              "Near": 450,
              "Far": 850
            },
            "Multipliers": {
              "Flesh": 1,
              "Shield": 1,
              "Head": 1,
              "Leg": 1,
              "CriticalHit": 1
            }
          },
          "BlastPattern": [
            {
              "X": 15,
              "Y": 0
            },
            {
              "X": 8,
              "Y": 0
            },
            {
              "X": 3.75,
              "Y": 0
            },
            {
              "X": -3.75,
              "Y": 0
            },
            {
              "X": -8,
              "Y": 0
            },
            {
              "X": -15,
              "Y": 0
            }
          ]
        }
      },
      "Handling": {
        "TacReloadTime": {
          "Base": 0.9,
          "Common": 0.8703,
          "Rare": 0.8397,
          "Epic": 0.81
        },
        "FullReloadTime": {
          "Base": 1.6,
          "Common": 1.5472,
          "Rare": 1.4928,
          "Epic": 1.44
        },
        "PickupTime": 1.25,
        "EquipTime": {
          "Base": 0.5,
          "Common": 0.425,
          "Rare": 0.4,
          "Epic": 0.375
        },
        "HolsterTime": {
          "Base": 0.6,
          "Common": 0.51,
          "Rare": 0.48,
          "Epic": 0.45
        },
        "RaiseTime": {
          "Base": 0.3,
          "Common": 0.27,
          "Rare": 0.255,
          "Epic": 0.24
        },
        "LowerTime": {
          "Base": 0.25,
          "Common": 0.225,
          "Rare": 0.2125,
          "Epic": 0.2
        },
        "ZoomInTime": {
          "Base": 0.22,
          "Common": 0.187,
          "Rare": 0.176,
          "Epic": 0.165
        },
        "ZoomOutTime": {
          "Base": 0.2,
          "Common": 0.17,
          "Rare": 0.16,
          "Epic": 0.15
        },
        "AdsMovementSpeedMultiplier": 0.9
      },
      "Spread": {
        "DecayDelay": {},
        "DecayRate": {},
        "MovingIncreaseRate": {},
        "MovingDecayRate": {},
        "Hipfire": {
          "Standing": {
            "Base": 0
          },
          "Walking": {
            "Base": 0
          },
          "Sprinting": {
            "Base": 0
          },
          "Crouching": {
            "Base": 0
          },
          "InAir": {
            "Base": 0
          },
          "Hovering": {}
        },
        "ADS": {
          "Standing": 0,
          "Crouching": 0,
          "InAir": 0
        }
      }
    },
    "Graffiti": {
      "Type": "Hopup",
      "Name": "Graffiti",
      "Ammo": {
        "Type": "Shotgun",
        "MagazineSize": {
          "Base": 6
        }
      },
      "Firing": {
        "FireMode": "Semi Automatic",
        "FireRate": {
          "Base": 1.21,
          "Common": 1.331,
          "Rare": 1.3915,
          "Epic": 1.452
        },
        "Shot": {
          "Projectiles": 6,
          "AmmoConsumed": 1,
          "Speed": 16000,
          "DragCoefficient": 0.001,
          "GravityMultiplier": 1,
          "MaxHeadshotDistance": 1500,
          "ProjectileSize": {
            "InitialSize": 0.4,
            "Step1": {
              "Size": 0.6,
              "Time": 0.025
            },
            "Step2": {
              "Size": 1,
              "Time": 0.1
            },
            "Final": {
              "Size": 1,
              "Time": 0.1
            }
          },
          "Damage": {
            "Amount": {
              "Near": 16
            },
            "Distance": {
              "Near": 450,
              "Far": 850
            },
            "Multipliers": {
              "Flesh": 1,
              "Shield": 1,
              "Head": 1,
              "Leg": 1,
              "CriticalHit": 1
            }
          },
          "BlastPattern": [
            {
              "X": 15,
              "Y": 0
            },
            {
              "X": 8,
              "Y": 0
            },
            {
              "X": 3.75,
              "Y": 0
            },
            {
              "X": -3.75,
              "Y": 0
            },
            {
              "X": -8,
              "Y": 0
            },
            {
              "X": -15,
              "Y": 0
            }
          ]
        }
      },
      "Handling": {
        "TacReloadTime": {
          "Base": 0.71999997,
          "Common": 0.69624,
          "Rare": 0.67176,
          "Epic": 0.648
        },
        "FullReloadTime": {
          "Base": 1.2800001,
          "Common": 1.23776,
          "Rare": 1.19424,
          "Epic": 1.152
        },
        "PickupTime": 1.25,
        "EquipTime": {
          "Base": 0.44,
          "Common": 0.374,
          "Rare": 0.352,
          "Epic": 0.33
        },
        "HolsterTime": {
          "Base": 0.528,
          "Common": 0.4488,
          "Rare": 0.4224,
          "Epic": 0.396
        },
        "RaiseTime": {
          "Base": 0.264,
          "Common": 0.2376,
          "Rare": 0.2244,
          "Epic": 0.2112
        },
        "LowerTime": {
          "Base": 0.22,
          "Common": 0.198,
          "Rare": 0.187,
          "Epic": 0.176
        },
        "ZoomInTime": {
          "Base": 0.154,
          "Common": 0.1309,
          "Rare": 0.1232,
          "Epic": 0.1155
        },
        "ZoomOutTime": {
          "Base": 0.14,
          "Common": 0.119,
          "Rare": 0.112,
          "Epic": 0.105
        },
        "AdsMovementSpeedMultiplier": 0.9
      },
      "Spread": {
        "DecayDelay": {},
        "DecayRate": {},
        "MovingIncreaseRate": {},
        "MovingDecayRate": {},
        "Hipfire": {
          "Standing": {
            "Base": 0
          },
          "Walking": {
            "Base": 0
          },
          "Sprinting": {
            "Base": 0
          },
          "Crouching": {
            "Base": 0
          },
          "InAir": {
            "Base": 0
          },
          "Hovering": {}
        },
        "ADS": {
          "Standing": 0,
          "Crouching": 0,
          "InAir": 0
        }
      }
    }
  }
}