{
  "Name": "Mastiff (Mythic)",
  "IsMythic": true,
  "WeaponModes": {
    "Default": {
      "Type": "Base",
      "Name": "Default",
      "Ammo": {
        "Type": "Shotgun",
        "MagazineSize": {
          "Base": 4
        }
      },
      "Firing": {
        "FireMode": "Semi Automatic",
        "FireRate": {
          "Base": 1.1
        },
        "Shot": {
          "Projectiles": 8,
          "AmmoConsumed": 1,
          "Speed": 16000,
          "DragCoefficient": 0.001,
          "GravityMultiplier": 1,
          "MaxHeadshotDistance": 1500,
          "ProjectileSize": {
            "InitialSize": 0.4,
            "Step1": {
              "Size": 1,
              "Time": 0.025
            },
            "Step2": {
              "Size": 2,
              "Time": 0.18
            },
            "Final": {
              "Size": 2,
              "Time": 0.18
            }
          },
          "Damage": {
            "Amount": {
              "Near": 14
            },
            "Distance": {
              "Near": 450,
              "Far": 850
            },
            "Multipliers": {
              "Flesh": 1,
              "Shield": 1,
              "Head": 1.25,
              "Leg": 1,
              "CriticalHit": 1
            }
          },
          "BlastPattern": [
            {
              "X": 22,
              "Y": 0
            },
            {
              "X": 15,
              "Y": 0
            },
            {
              "X": 8,
              "Y": 0
            },
            {
              "X": 3.75,
              "Y": 0
            },
            {
              "X": -3.75,
              "Y": 0
            },
            {
              "X": -8,
              "Y": 0
            },
            {
              "X": -15,
              "Y": 0
            },
            {
              "X": -22,
              "Y": 0
            }
          ]
        }
      },
      "Handling": {
        "TacReloadTime": {
          "Base": 0.9
        },
        "FullReloadTime": {
          "Base": 1.6
        },
        "PickupTime": 1.25,
        "EquipTime": {
          "Base": 0.5
        },
        "HolsterTime": {
          "Base": 0.6
        },
        "RaiseTime": {
          "Base": 0.3
        },
        "LowerTime": {
          "Base": 0.25
        },
        "ZoomInTime": {
          "Base": 0.22
        },
        "ZoomOutTime": {
          "Base": 0.2
        },
        "AdsMovementSpeedMultiplier": 0.9
      },
      "Spread": {
        "DecayDelay": {},
        "DecayRate": {},
        "MovingIncreaseRate": {},
        "MovingDecayRate": {},
        "Hipfire": {
          "Standing": {
            "Base": 0
          },
          "Walking": {
            "Base": 0
          },
          "Sprinting": {
            "Base": 0
          },
          "Crouching": {
            "Base": 0
          },
          "InAir": {
            "Base": 0
          },
          "Hovering": {}
        },
        "ADS": {
          "Standing": 0,
          "Crouching": 0,
          "InAir": 0
        }
      }
    },
    "Graffiti Elite": {
      "Type": "Hopup",
      "Name": "Graffiti Elite",
      "Ammo": {
        "Type": "Shotgun",
        "MagazineSize": {
          "Base": 5
        }
      },
      "Firing": {
        "FireMode": "Semi Automatic",
        "FireRate": {
          "Base": 1.21
        },
        "Shot": {
          "Projectiles": 8,
          "AmmoConsumed": 1,
          "Speed": 16000,
          "DragCoefficient": 0.001,
          "GravityMultiplier": 1,
          "MaxHeadshotDistance": 1500,
          "ProjectileSize": {
            "InitialSize": 0.4,
            "Step1": {
              "Size": 1,
              "Time": 0.025
            },
            "Step2": {
              "Size": 2,
              "Time": 0.18
            },
            "Final": {
              "Size": 2,
              "Time": 0.18
            }
          },
          "Damage": {
            "Amount": {
              "Near": 14
            },
            "Distance": {
              "Near": 450,
              "Far": 850
            },
            "Multipliers": {
              "Flesh": 1,
              "Shield": 1,
              "Head": 1.25,
              "Leg": 1,
              "CriticalHit": 1
            }
          },
          "BlastPattern": [
            {
              "X": 22,
              "Y": 0
            },
            {
              "X": 15,
              "Y": 0
            },
            {
              "X": 8,
              "Y": 0
            },
            {
              "X": 3.75,
              "Y": 0
            },
            {
              "X": -3.75,
              "Y": 0
            },
            {
              "X": -8,
              "Y": 0
            },
            {
              "X": -15,
              "Y": 0
            },
            {
              "X": -22,
              "Y": 0
            }
          ]
        }
      },
      "Handling": {
        "TacReloadTime": {
          "Base": 0.71999997
        },
        "FullReloadTime": {
          "Base": 1.2800001
        },
        "PickupTime": 1.25,
        "EquipTime": {
          "Base": 0.44
        },
        "HolsterTime": {
          "Base": 0.528
        },
        "RaiseTime": {
          "Base": 0.264
        },
        "LowerTime": {
          "Base": 0.22
        },
        "ZoomInTime": {
          "Base": 0.154
        },
        "ZoomOutTime": {
          "Base": 0.14
        },
        "AdsMovementSpeedMultiplier": 0.9
      },
      "Spread": {
        "DecayDelay": {},
        "DecayRate": {},
        "MovingIncreaseRate": {},
        "MovingDecayRate": {},
        "Hipfire": {
          "Standing": {
            "Base": 0
          },
          "Walking": {
            "Base": 0
          },
          "Sprinting": {
            "Base": 0
          },
          "Crouching": {
            "Base": 0
          },
          "InAir": {
            "Base": 0
          },
          "Hovering": {}
        },
        "ADS": {
          "Standing": 0,
          "Crouching": 0,
          "InAir": 0
        }
      }
    }
  }
}