{
  "Name": "Mozambique",
  "IsMythic": false,
  "WeaponModes": {
    "Default": {
      "Type": "Base",
      "Name": "Default",
      "Ammo": {
        "Type": "Shotgun",
        "MagazineSize": {
          "Base": 5
        }
      },
      "Firing": {
        "FireMode": "Automatic",
        "FireRate": {
          "Base": 2.8,
          "Common": 2.94,
          "Rare": 3.052,
          "Epic": 3.1612
        },
        "Shot": {
          "Projectiles": 3,
          "AmmoConsumed": 1,
          "Speed": 10000,
          "DragCoefficient": 0.0025,
          "GravityMultiplier": 1,
          "ProjectileSize": {
            "InitialSize": 0,
            "Step1": {
              "Size": 5,
              "Time": 0.055
            },
            "Step2": {
              "Size": 7.5,
              "Time": 0.18
            },
            "Final": {
              "Size": 7.5,
              "Time": 0.18
            }
          },
          "MaxHeadshotDistance": 1500,
          "Damage": {
            "Amount": {
              "Near": 17
            },
            "Distance": {
              "Near": 500,
              "Far": 1000,
              "VeryFar": 1500
            },
            "Multipliers": {
              "Flesh": 1,
              "Shield": 1,
              "Head": 1.25,
              "Leg": 1,
              "CriticalHit": 1
            }
          },
          "BlastPattern": [
            {
              "X": 0,
              "Y": 5
            },
            {
              "X": -6,
              "Y": -6.5
            },
            {
              "X": 6,
              "Y": -6.5
            }
          ]
        }
      },
      "Handling": {
        "TacReloadTime": {
          "Base": 2.1
        },
        "FullReloadTime": {
          "Base": 2.6
        },
        "PickupTime": 1,
        "EquipTime": {
          "Base": 0.25
        },
        "HolsterTime": {
          "Base": 0.2
        },
        "RaiseTime": {
          "Base": 0.25
        },
        "LowerTime": {
          "Base": 0.2
        },
        "ZoomInTime": {
          "Base": 0.2
        },
        "ZoomOutTime": {
          "Base": 0.18
        },
        "AdsMovementSpeedMultiplier": 1
      },
      "Spread": {
        "DecayDelay": {
          "Base": 0.07
        },
        "DecayRate": {
          "Base": 2.5
        },
        "MovingIncreaseRate": {
          "Base": 5.5
        },
        "MovingDecayRate": {
          "Base": 12
        },
        "Hipfire": {
          "Standing": {
            "Base": 2
          },
          "Walking": {
            "Base": 2
          },
          "Sprinting": {
            "Base": 2
          },
          "Crouching": {
            "Base": 2
          },
          "InAir": {
            "Base": 2
          },
          "Hovering": {
            "Base": 8
          }
        },
        "ADS": {
          "Standing": 2,
          "Crouching": 2,
          "InAir": 2,
          "Hovering": 0.2
        }
      }
    },
    "Akimbo": {
      "Type": "Akimbo",
      "Name": "Akimbo",
      "Ammo": {
        "Type": "Shotgun",
        "MagazineSize": {
          "Base": 10
        }
      },
      "Firing": {
        "FireMode": "Automatic",
        "FireRate": {
          "Base": 3.1,
          "Common": 3.255,
          "Rare": 3.379,
          "Epic": 3.4999
        },
        "Shot": {
          "Projectiles": 3,
          "AmmoConsumed": 1,
          "Speed": 10000,
          "DragCoefficient": 0.0025,
          "GravityMultiplier": 1,
          "ProjectileSize": {
            "InitialSize": 0.4,
            "Step1": {
              "Size": 0.6,
              "Time": 0.025
            },
            "Step2": {
              "Size": 1,
              "Time": 0.1
            },
            "Final": {
              "Size": 1,
              "Time": 0.1
            }
          },
          "MaxHeadshotDistance": 1500,
          "Damage": {
            "Amount": {
              "Near": 17
            },
            "Distance": {
              "Near": 500,
              "Far": 1000,
              "VeryFar": 1500
            },
            "Multipliers": {
              "Flesh": 1,
              "Shield": 1,
              "Head": 1.25,
              "Leg": 1,
              "CriticalHit": 1
            }
          },
          "BlastPattern": [
            {
              "X": 0,
              "Y": 5
            },
            {
              "X": -6,
              "Y": -6.5
            },
            {
              "X": 6,
              "Y": -6.5
            }
          ]
        }
      },
      "Handling": {
        "TacReloadTime": {
          "Base": 2.5
        },
        "FullReloadTime": {
          "Base": 3
        },
        "PickupTime": 1.09,
        "EquipTime": {
          "Base": 1
        },
        "HolsterTime": {
          "Base": 0.3
        },
        "RaiseTime": {
          "Base": 0.25
        },
        "LowerTime": {
          "Base": 0.2
        },
        "ZoomInTime": {
          "Base": 0.2
        },
        "ZoomOutTime": {
          "Base": 0.18
        },
        "AdsMovementSpeedMultiplier": 1
      },
      "Spread": {
        "DecayDelay": {
          "Base": 0.07
        },
        "DecayRate": {
          "Base": 2.5
        },
        "MovingIncreaseRate": {
          "Base": 5.5
        },
        "MovingDecayRate": {
          "Base": 12
        },
        "Hipfire": {
          "Standing": {
            "Base": 2
          },
          "Walking": {
            "Base": 2
          },
          "Sprinting": {
            "Base": 2
          },
          "Crouching": {
            "Base": 2
          },
          "InAir": {
            "Base": 2
          },
          "Hovering": {
            "Base": 8
          }
        },
        "ADS": {
          "Standing": 2,
          "Crouching": 2,
          "InAir": 2,
          "Hovering": 0.2
        }
      }
    },
    "Graffiti Elite": {
      "Type": "Hopup",
      "Name": "Graffiti Elite",
      "Ammo": {
        "Type": "Shotgun",
        "MagazineSize": {
          "Base": 6
        }
      },
      "Firing": {
        "FireMode": "Automatic",
        "FireRate": {
          "Base": 3.08,
          "Common": 3.234,
          "Rare": 3.3572,
          "Epic": 3.47732
        },
        "Shot": {
          "Projectiles": 3,
          "AmmoConsumed": 1,
          "Speed": 10000,
          "DragCoefficient": 0.0025,
          "GravityMultiplier": 1,
          "ProjectileSize": {
            "InitialSize": 0,
            "Step1": {
              "Size": 5,
              "Time": 0.055
            },
            "Step2": {
              "Size": 7.5,
              "Time": 0.18
            },
            "Final": {
              "Size": 7.5,
              "Time": 0.18
            }
          },
          "MaxHeadshotDistance": 1500,
          "Damage": {
            "Amount": {
              "Near": 17
            },
            "Distance": {
              "Near": 500,
              "Far": 1000,
              "VeryFar": 1500
            },
            "Multipliers": {
              "Flesh": 1,
              "Shield": 1,
              "Head": 1.25,
              "Leg": 1,
              "CriticalHit": 1
            }
          },
          "BlastPattern": [
            {
              "X": 0,
              "Y": 5
            },
            {
              "X": -6,
              "Y": -6.5
            },
            {
              "X": 6,
              "Y": -6.5
            }
          ]
        }
      },
      "Handling": {
        "TacReloadTime": {
          "Base": 1.68
        },
        "FullReloadTime": {
          "Base": 2.08
        },
        "PickupTime": 1,
        "EquipTime": {
          "Base": 0.175
        },
        "HolsterTime": {
          "Base": 0.14
        },
        "RaiseTime": {
          "Base": 0.1875
        },
        "LowerTime": {
          "Base": 0.15
        },
        "ZoomInTime": {
          "Base": 0.14
        },
        "ZoomOutTime": {
          "Base": 0.126
        },
        "AdsMovementSpeedMultiplier": 1
      },
      "Spread": {
        "DecayDelay": {
          "Base": 0.07
        },
        "DecayRate": {
          "Base": 2.5
        },
        "MovingIncreaseRate": {
          "Base": 5.5
        },
        "MovingDecayRate": {
          "Base": 12
        },
        "Hipfire": {
          "Standing": {
            "Base": 2
          },
          "Walking": {
            "Base": 2
          },
          "Sprinting": {
            "Base": 2
          },
          "Crouching": {
            "Base": 2
          },
          "InAir": {
            "Base": 2
          },
          "Hovering": {
            "Base": 8
          }
        },
        "ADS": {
          "Standing": 2,
          "Crouching": 2,
          "InAir": 2,
          "Hovering": 0.2
        }
      }
    },
    "Akimbo + Graffiti Elite": {
      "Type": "HopupAkimbo",
      "Name": "Akimbo + Graffiti Elite",
      "Ammo": {
        "Type": "Shotgun",
        "MagazineSize": {
          "Base": 12
        }
      },
      "Firing": {
        "FireMode": "Automatic",
        "FireRate": {
          "Base": 3.1,
          "Common": 3.255,
          "Rare": 3.379,
          "Epic": 3.4999
        },
        "Shot": {
          "Projectiles": 3,
          "AmmoConsumed": 1,
          "Speed": 10000,
          "DragCoefficient": 0.0025,
          "GravityMultiplier": 1,
          "ProjectileSize": {
            "InitialSize": 0.4,
            "Step1": {
              "Size": 0.6,
              "Time": 0.025
            },
            "Step2": {
              "Size": 1,
              "Time": 0.1
            },
            "Final": {
              "Size": 1,
              "Time": 0.1
            }
          },
          "MaxHeadshotDistance": 1500,
          "Damage": {
            "Amount": {
              "Near": 17
            },
            "Distance": {
              "Near": 500,
              "Far": 1000,
              "VeryFar": 1500
            },
            "Multipliers": {
              "Flesh": 1,
              "Shield": 1,
              "Head": 1.25,
              "Leg": 1,
              "CriticalHit": 1
            }
          },
          "BlastPattern": [
            {
              "X": 0,
              "Y": 5
            },
            {
              "X": -6,
              "Y": -6.5
            },
            {
              "X": 6,
              "Y": -6.5
            }
          ]
        }
      },
      "Handling": {
        "TacReloadTime": {
          "Base": 2.5
        },
        "FullReloadTime": {
          "Base": 3
        },
        "PickupTime": 1.09,
        "EquipTime": {
          "Base": 1
        },
        "HolsterTime": {
          "Base": 0.3
        },
        "RaiseTime": {
          "Base": 0.1875
        },
        "LowerTime": {
          "Base": 0.15
        },
        "ZoomInTime": {
          "Base": 0.14
        },
        "ZoomOutTime": {
          "Base": 0.126
        },
        "AdsMovementSpeedMultiplier": 1
      },
      "Spread": {
        "DecayDelay": {
          "Base": 0.07
        },
        "DecayRate": {
          "Base": 2.5
        },
        "MovingIncreaseRate": {
          "Base": 5.5
        },
        "MovingDecayRate": {
          "Base": 12
        },
        "Hipfire": {
          "Standing": {
            "Base": 2
          },
          "Walking": {
            "Base": 2
          },
          "Sprinting": {
            "Base": 2
          },
          "Crouching": {
            "Base": 2
          },
          "InAir": {
            "Base": 2
          },
          "Hovering": {
            "Base": 8
          }
        },
        "ADS": {
          "Standing": 2,
          "Crouching": 2,
          "InAir": 2,
          "Hovering": 0.2
        }
      }
    }
  }
}