{
  "Name": "Nemesis",
  "ID": "nemesis",
  "IsMythic": false,
  "WeaponModes": {
    "Default": {
      "Type": "Base",
      "Name": "Default",
      "Ammo": {
        "Type": "Energy",
        "MagazineSize": {
          "Base": 20,
          "Common": 24,
          "Rare": 28,
          "Epic": 32,
          "Legendary": 32
        }
      },
      "Firing": {
        "FireMode": "Burst Fire",
        "BurstCount": 4,
        "BurstDelay": 0.21,
        "FireRate": {
          "Base": 18
        },
        "Shot": {
          "Projectiles": 1,
          "AmmoConsumed": 1,
          "Speed": 31000,
          "DragCoefficient": 0,
          "GravityMultiplier": 1.15,
          "MaxHeadshotDistance": 11828,
          "ProjectileSize": {
            "InitialSize": 0
          },
          "Damage": {
            "Amount": {
              "Near": 17
            },
            "Distance": {
              "Near": 1000,
              "Far": 2500,
              "VeryFar": 5000
            },
            "Multipliers": {
              "Flesh": 1,
              "Shield": 1,
              "Head": 1.3,
              "Leg": 0.75,
              "CriticalHit": 1.5
            }
          },
          "RecoilPattern": [
            {
              "X": 0,
              "Y": 0
            },
            {
              "X": -0,
              "Y": 0.33
            },
            {
              "X": 0.09,
              "Y": 0.68
            },
            {
              "X": 0.17,
              "Y": 0.99
            },
            {
              "X": 0.27,
              "Y": 1.27
            },
            {
              "X": 0.23,
              "Y": 1.52
            },
            {
              "X": 0.04,
              "Y": 1.79
            },
            {
              "X": -0.04,
              "Y": 2.05
            },
            {
              "X": -0.1,
              "Y": 2.3
            },
            {
              "X": -0.32,
              "Y": 2.43
            },
            {
              "X": -0.54,
              "Y": 2.7
            },
            {
              "X": -0.54,
              "Y": 3.06
            },
            {
              "X": -0.33,
              "Y": 3.32
            },
            {
              "X": -0.1,
              "Y": 3.45
            },
            {
              "X": 0.14,
              "Y": 3.63
            },
            {
              "X": 0.21,
              "Y": 3.95
            },
            {
              "X": 0.44,
              "Y": 4.09
            },
            {
              "X": 0.48,
              "Y": 4.33
            },
            {
              "X": 0.44,
              "Y": 4.64
            },
            {
              "X": 0.4,
              "Y": 4.88
            },
            {
              "X": 0.2,
              "Y": 5.04
            },
            {
              "X": -0.04,
              "Y": 5.06
            },
            {
              "X": -0.25,
              "Y": 5.09
            }
          ]
        }
      },
      "Handling": {
        "TacReloadTime": {
          "Base": 2.7,
          "Common": 2.6109,
          "Rare": 2.5191,
          "Epic": 2.43
        },
        "FullReloadTime": {
          "Base": 3,
          "Common": 2.901,
          "Rare": 2.799,
          "Epic": 2.7
        },
        "PickupTime": 1.3,
        "EquipTime": {
          "Base": 0.6,
          "Common": 0.51,
          "Rare": 0.48,
          "Epic": 0.45
        },
        "HolsterTime": {
          "Base": 0.55,
          "Common": 0.4675,
          "Rare": 0.44,
          "Epic": 0.4125
        },
        "RaiseTime": {
          "Base": 0.5,
          "Common": 0.45,
          "Rare": 0.425,
          "Epic": 0.4
        },
        "LowerTime": {
          "Base": 0.4,
          "Common": 0.36,
          "Rare": 0.34,
          "Epic": 0.32
        },
        "ZoomInTime": {
          "Base": 0.27,
          "Common": 0.2295,
          "Rare": 0.216,
          "Epic": 0.2025
        },
        "ZoomOutTime": {
          "Base": 0.23,
          "Common": 0.1955,
          "Rare": 0.184,
          "Epic": 0.1725
        },
        "AdsMovementSpeedMultiplier": 0.5
      },
      "Spread": {
        "DecayDelay": {
          "Base": 0.25
        },
        "DecayRate": {
          "Base": 100
        },
        "MovingIncreaseRate": {
          "Base": 3
        },
        "MovingDecayRate": {
          "Base": 44
        },
        "Hipfire": {
          "Standing": {
            "Base": 4.5
          },
          "Walking": {
            "Base": 9.9
          },
          "Sprinting": {
            "Base": 12.6
          },
          "Crouching": {
            "Base": 3.6
          },
          "InAir": {
            "Base": 12.6
          },
          "Hovering": {
            "Base": 12.6
          }
        },
        "ADS": {
          "Standing": 0,
          "Crouching": 0,
          "InAir": 6,
          "Hovering": 0.6
        }
      }
    },
    "Full Energy": {
      "Type": "Charged",
      "Name": "Full Energy",
      "Ammo": {
        "Type": "Energy",
        "MagazineSize": {
          "Base": 20,
          "Common": 24,
          "Rare": 28,
          "Epic": 32,
          "Legendary": 32
        }
      },
      "Firing": {
        "FireMode": "Burst Fire",
        "BurstCount": 4,
        "BurstDelay": 0.18,
        "FireRate": {
          "Base": 18
        },
        "Shot": {
          "Projectiles": 1,
          "AmmoConsumed": 1,
          "Speed": 31000,
          "DragCoefficient": 0,
          "GravityMultiplier": 1.15,
          "MaxHeadshotDistance": 11828,
          "ProjectileSize": {
            "InitialSize": 0
          },
          "Damage": {
            "Amount": {
              "Near": 17
            },
            "Distance": {
              "Near": 1000,
              "Far": 2500,
              "VeryFar": 5000
            },
            "Multipliers": {
              "Flesh": 1,
              "Shield": 1,
              "Head": 1.3,
              "Leg": 0.75,
              "CriticalHit": 1.5
            }
          },
          "RecoilPattern": [
            {
              "X": 0,
              "Y": 0
            },
            {
              "X": -0,
              "Y": 0.33
            },
            {
              "X": 0.09,
              "Y": 0.68
            },
            {
              "X": 0.17,
              "Y": 0.99
            },
            {
              "X": 0.27,
              "Y": 1.27
            },
            {
              "X": 0.23,
              "Y": 1.52
            },
            {
              "X": 0.04,
              "Y": 1.79
            },
            {
              "X": -0.04,
              "Y": 2.05
            },
            {
              "X": -0.1,
              "Y": 2.3
            },
            {
              "X": -0.32,
              "Y": 2.43
            },
            {
              "X": -0.54,
              "Y": 2.7
            },
            {
              "X": -0.54,
              "Y": 3.06
            },
            {
              "X": -0.33,
              "Y": 3.32
            },
            {
              "X": -0.1,
              "Y": 3.45
            },
            {
              "X": 0.14,
              "Y": 3.63
            },
            {
              "X": 0.21,
              "Y": 3.95
            },
            {
              "X": 0.44,
              "Y": 4.09
            },
            {
              "X": 0.48,
              "Y": 4.33
            },
            {
              "X": 0.44,
              "Y": 4.64
            },
            {
              "X": 0.4,
              "Y": 4.88
            },
            {
              "X": 0.2,
              "Y": 5.04
            },
            {
              "X": -0.04,
              "Y": 5.06
            },
            {
              "X": -0.25,
              "Y": 5.09
            }
          ]
        }
      },
      "Handling": {
        "TacReloadTime": {
          "Base": 2.7,
          "Common": 2.6109,
          "Rare": 2.5191,
          "Epic": 2.43
        },
        "FullReloadTime": {
          "Base": 3,
          "Common": 2.901,
          "Rare": 2.799,
          "Epic": 2.7
        },
        "PickupTime": 1.3,
        "EquipTime": {
          "Base": 0.6,
          "Common": 0.51,
          "Rare": 0.48,
          "Epic": 0.45
        },
        "HolsterTime": {
          "Base": 0.55,
          "Common": 0.4675,
          "Rare": 0.44,
          "Epic": 0.4125
        },
        "RaiseTime": {
          "Base": 0.5,
          "Common": 0.45,
          "Rare": 0.425,
          "Epic": 0.4
        },
        "LowerTime": {
          "Base": 0.4,
          "Common": 0.36,
          "Rare": 0.34,
          "Epic": 0.32
        },
        "ZoomInTime": {
          "Base": 0.27,
          "Common": 0.2295,
          "Rare": 0.216,
          "Epic": 0.2025
        },
        "ZoomOutTime": {
          "Base": 0.23,
          "Common": 0.1955,
          "Rare": 0.184,
          "Epic": 0.1725
        },
        "AdsMovementSpeedMultiplier": 0.5
      },
      "Spread": {
        "DecayDelay": {
          "Base": 0.25
        },
        "DecayRate": {
          "Base": 100
        },
        "MovingIncreaseRate": {
          "Base": 3
        },
        "MovingDecayRate": {
          "Base": 44
        },
        "Hipfire": {
          "Standing": {
            "Base": 4.5
          },
          "Walking": {
            "Base": 9.9
          },
          "Sprinting": {
            "Base": 12.6
          },
          "Crouching": {
            "Base": 3.6
          },
          "InAir": {
            "Base": 12.6
          },
          "Hovering": {
            "Base": 12.6
          }
        },
        "ADS": {
          "Standing": 0,
          "Crouching": 0,
          "InAir": 6,
          "Hovering": 0.6
        }
      }
    }
  }
}