{
  "Name": "P2020 (Mythic)",
  "WeaponModes": {
    "Default": {
      "Type": "Base",
      "Name": "Default",
      "Ammo": {
        "Type": "Light",
        "MagazineSize": {
          "Base": 13
        }
      },
      "Firing": {
        "FireMode": "Single",
        "FireRate": {
          "Base": 7.3
        },
        "Shot": {
          "Projectiles": 1,
          "AmmoConsumed": 1,
          "Speed": 18500,
          "DragCoefficient": 0.0025,
          "GravityMultiplier": 1,
          "ProjectileSize": {
            "InitialSize": 0
          },
          "MaxHeadshotDistance": 1500,
          "Damage": {
            "Amount": {
              "Near": 25
            },
            "Distance": {
              "Near": 700,
              "Far": 1200,
              "VeryFar": 1700
            },
            "Multipliers": {
              "Flesh": 1,
              "Shield": 1,
              "Head": 1.25,
              "Leg": 0.9,
              "CriticalHit": 2
            }
          }
        }
      },
      "Handling": {
        "TacReloadTime": {
          "Base": 1.25
        },
        "FullReloadTime": {
          "Base": 1.25
        },
        "PickupTime": 1.1,
        "EquipTime": {
          "Base": 0.225
        },
        "HolsterTime": {
          "Base": 0.18
        },
        "RaiseTime": {
          "Base": 0.225
        },
        "LowerTime": {
          "Base": 0.18
        },
        "ZoomInTime": {
          "Base": 0.18
        },
        "ZoomOutTime": {
          "Base": 0.16
        },
        "AdsMovementSpeedMultiplier": 1
      },
      "Spread": {
        "DecayDelay": {
          "Base": 0.07
        },
        "DecayRate": {
          "Base": 2.5
        },
        "MovingIncreaseRate": {
          "Base": 5.5
        },
        "MovingDecayRate": {
          "Base": 100
        },
        "Hipfire": {
          "Standing": {
            "Base": 4.4
          },
          "Walking": {
            "Base": 10
          },
          "Sprinting": {
            "Base": 13
          },
          "Crouching": {
            "Base": 3
          },
          "InAir": {
            "Base": 16
          },
          "Hovering": {
            "Base": 8
          }
        },
        "ADS": {
          "Standing": 0,
          "Crouching": 0,
          "InAir": 2,
          "Hovering": 0.2
        }
      }
    },
    "Akimbo": {
      "Type": "Akimbo",
      "Name": "Akimbo",
      "Ammo": {
        "Type": "Light",
        "MagazineSize": {
          "Base": 26
        }
      },
      "Firing": {
        "FireMode": "Automatic",
        "FireRate": {
          "Base": 8.3
        },
        "Shot": {
          "Projectiles": 1,
          "AmmoConsumed": 1,
          "Speed": 18500,
          "DragCoefficient": 0.0025,
          "GravityMultiplier": 1,
          "ProjectileSize": {
            "InitialSize": 0
          },
          "MaxHeadshotDistance": 1500,
          "Damage": {
            "Amount": {
              "Near": 25
            },
            "Distance": {
              "Near": 700,
              "Far": 1200,
              "VeryFar": 1700
            },
            "Multipliers": {
              "Flesh": 1,
              "Shield": 1,
              "Head": 1.25,
              "Leg": 0.9,
              "CriticalHit": 2
            }
          }
        }
      },
      "Handling": {
        "TacReloadTime": {
          "Base": 1.6
        },
        "FullReloadTime": {
          "Base": 2.1
        },
        "PickupTime": 1.2,
        "EquipTime": {
          "Base": 1
        },
        "HolsterTime": {
          "Base": 0.3
        },
        "RaiseTime": {
          "Base": 0.225
        },
        "LowerTime": {
          "Base": 0.18
        },
        "ZoomInTime": {
          "Base": 0.18
        },
        "ZoomOutTime": {
          "Base": 0.16
        },
        "AdsMovementSpeedMultiplier": 1
      },
      "Spread": {
        "DecayDelay": {
          "Base": 0.15
        },
        "DecayRate": {
          "Base": 12
        },
        "MovingIncreaseRate": {
          "Base": 3
        },
        "MovingDecayRate": {
          "Base": 10.5
        },
        "Hipfire": {
          "Standing": {
            "Base": 3
          },
          "Walking": {
            "Base": 3.5
          },
          "Sprinting": {
            "Base": 5
          },
          "Crouching": {
            "Base": 2.8
          },
          "InAir": {
            "Base": 6.6
          },
          "Hovering": {
            "Base": 8
          }
        },
        "ADS": {
          "Standing": 1.68,
          "Crouching": 1.36,
          "InAir": 5.2,
          "Hovering": 0.2
        }
      }
    }
  }
}