{
  "Name": "P2020",
  "IsMythic": false,
  "WeaponModes": {
    "Default": {
      "Type": "Base",
      "Name": "Default",
      "Ammo": {
        "Type": "Light",
        "MagazineSize": {
          "Base": 8,
          "Common": 9,
          "Rare": 10,
          "Epic": 11,
          "Legendary": 11
        }
      },
      "Firing": {
        "FireMode": "Semi Automatic",
        "FireRate": {
          "Base": 7
        },
        "Shot": {
          "Projectiles": 1,
          "AmmoConsumed": 1,
          "Speed": 18500,
          "DragCoefficient": 0.0025,
          "GravityMultiplier": 1,
          "ProjectileSize": {
            "InitialSize": 0
          },
          "MaxHeadshotDistance": 1500,
          "Damage": {
            "Amount": {
              "Near": 24
            },
            "Distance": {
              "Near": 700,
              "Far": 1200,
              "VeryFar": 1700
            },
            "Multipliers": {
              "Flesh": 1,
              "Shield": 1,
              "Head": 1.25,
              "Leg": 0.9,
              "CriticalHit": 2
            }
          }
        }
      },
      "Handling": {
        "TacReloadTime": {
          "Base": 1.25
        },
        "FullReloadTime": {
          "Base": 1.25
        },
        "PickupTime": 1.1,
        "EquipTime": {
          "Base": 0.225
        },
        "HolsterTime": {
          "Base": 0.18
        },
        "RaiseTime": {
          "Base": 0.225
        },
        "LowerTime": {
          "Base": 0.18
        },
        "ZoomInTime": {
          "Base": 0.18
        },
        "ZoomOutTime": {
          "Base": 0.16
        },
        "AdsMovementSpeedMultiplier": 1
      },
      "Spread": {
        "DecayDelay": {
          "Base": 0.07,
          "Common": 0.056,
          "Rare": 0.049,
          "Epic": 0.042
        },
        "DecayRate": {
          "Base": 2.5,
          "Common": 3,
          "Rare": 3.25,
          "Epic": 3.5
        },
        "MovingIncreaseRate": {
          "Base": 5.5,
          "Common": 4.675,
          "Rare": 4.4,
          "Epic": 4.125
        },
        "MovingDecayRate": {
          "Base": 100,
          "Common": 115,
          "Rare": 120.00001,
          "Epic": 125
        },
        "Hipfire": {
          "Standing": {
            "Base": 4.4,
            "Common": 3.52,
            "Rare": 3.08,
            "Epic": 2.64
          },
          "Walking": {
            "Base": 10,
            "Common": 8,
            "Rare": 7,
            "Epic": 6
          },
          "Sprinting": {
            "Base": 13,
            "Common": 10.4,
            "Rare": 9.1,
            "Epic": 7.8
          },
          "Crouching": {
            "Base": 3,
            "Common": 2.4,
            "Rare": 2.1,
            "Epic": 1.8
          },
          "InAir": {
            "Base": 16,
            "Common": 12.8,
            "Rare": 11.2,
            "Epic": 9.6
          },
          "Hovering": {
            "Base": 8
          }
        },
        "ADS": {
          "Standing": 0,
          "Crouching": 0,
          "InAir": 2,
          "Hovering": 0.2
        }
      }
    },
    "Akimbo": {
      "Type": "Akimbo",
      "Name": "Akimbo",
      "Ammo": {
        "Type": "Light",
        "MagazineSize": {
          "Base": 16,
          "Common": 18,
          "Rare": 20,
          "Epic": 22,
          "Legendary": 22
        }
      },
      "Firing": {
        "FireMode": "Automatic",
        "FireRate": {
          "Base": 8
        },
        "Shot": {
          "Projectiles": 1,
          "AmmoConsumed": 1,
          "Speed": 18500,
          "DragCoefficient": 0.0025,
          "GravityMultiplier": 1,
          "ProjectileSize": {
            "InitialSize": 0
          },
          "MaxHeadshotDistance": 1500,
          "Damage": {
            "Amount": {
              "Near": 24
            },
            "Distance": {
              "Near": 700,
              "Far": 1200,
              "VeryFar": 1700
            },
            "Multipliers": {
              "Flesh": 1,
              "Shield": 1,
              "Head": 1.25,
              "Leg": 0.9,
              "CriticalHit": 2
            }
          }
        }
      },
      "Handling": {
        "TacReloadTime": {
          "Base": 2.1
        },
        "FullReloadTime": {
          "Base": 2.6
        },
        "PickupTime": 1.2,
        "EquipTime": {
          "Base": 1
        },
        "HolsterTime": {
          "Base": 0.3
        },
        "RaiseTime": {
          "Base": 0.225
        },
        "LowerTime": {
          "Base": 0.18
        },
        "ZoomInTime": {
          "Base": 0.18
        },
        "ZoomOutTime": {
          "Base": 0.16
        },
        "AdsMovementSpeedMultiplier": 1
      },
      "Spread": {
        "DecayDelay": {
          "Base": 0.15,
          "Common": 0.12,
          "Rare": 0.105,
          "Epic": 0.09
        },
        "DecayRate": {
          "Base": 12,
          "Common": 14.4,
          "Rare": 15.6,
          "Epic": 16.8
        },
        "MovingIncreaseRate": {
          "Base": 3,
          "Common": 2.55,
          "Rare": 2.4,
          "Epic": 2.25
        },
        "MovingDecayRate": {
          "Base": 10.5,
          "Common": 12.075,
          "Rare": 12.6,
          "Epic": 13.125
        },
        "Hipfire": {
          "Standing": {
            "Base": 2.7,
            "Common": 2.16,
            "Rare": 1.89,
            "Epic": 1.62
          },
          "Walking": {
            "Base": 3.3,
            "Common": 2.64,
            "Rare": 2.31,
            "Epic": 1.98
          },
          "Sprinting": {
            "Base": 5.2,
            "Common": 4.16,
            "Rare": 3.64,
            "Epic": 3.12
          },
          "Crouching": {
            "Base": 2.48,
            "Common": 1.984,
            "Rare": 1.736,
            "Epic": 1.488
          },
          "InAir": {
            "Base": 6.4,
            "Common": 5.12,
            "Rare": 4.48,
            "Epic": 3.84
          },
          "Hovering": {
            "Base": 8
          }
        },
        "ADS": {
          "Standing": 1.68,
          "Crouching": 1.36,
          "InAir": 5.2,
          "Hovering": 0.2
        }
      }
    }
  }
}