{
  "Name": "Peacekeeper",
  "ID": "peacekeeper",
  "IsMythic": false,
  "WeaponModes": {
    "Default": {
      "Type": "Base",
      "Name": "Default",
      "Ammo": {
        "Type": "Shotgun",
        "MagazineSize": {
          "Base": 5
        }
      },
      "Firing": {
        "FireMode": "Manual Action",
        "FireRate": {
          "Base": 4,
          "Common": 4,
          "Rare": 4,
          "Epic": 4
        },
        "RechamberTime": {
          "Base": 1.1,
          "Common": 1.0175,
          "Rare": 0.957,
          "Epic": 0.924
        },
        "Shot": {
          "Projectiles": 9,
          "AmmoConsumed": 1,
          "Speed": 20000,
          "DragCoefficient": 0.001,
          "GravityMultiplier": 1,
          "MaxHeadshotDistance": 3940,
          "ProjectileSize": {
            "InitialSize": 0.4,
            "Step1": {
              "Size": 0.6,
              "Time": 0.025
            },
            "Step2": {
              "Size": 1,
              "Time": 0.1
            },
            "Final": {
              "Size": 1,
              "Time": 0.1
            }
          },
          "Damage": {
            "Amount": {
              "Near": 11
            },
            "Distance": {
              "Near": 100,
              "Far": 750
            },
            "Multipliers": {
              "Flesh": 1,
              "Shield": 1,
              "Head": 1,
              "Leg": 1,
              "CriticalHit": 1
            }
          },
          "BlastPattern": [
            {
              "X": 0,
              "Y": 0
            },
            {
              "X": 7.35,
              "Y": 9.5
            },
            {
              "X": -7.35,
              "Y": 9.5
            },
            {
              "X": 0,
              "Y": -9.5
            },
            {
              "X": 0,
              "Y": 7.5
            },
            {
              "X": -5.35,
              "Y": 2.75
            },
            {
              "X": 5.35,
              "Y": 2.75
            },
            {
              "X": -4.35,
              "Y": -4.3
            },
            {
              "X": 4.35,
              "Y": -4.3
            }
          ]
        }
      },
      "Handling": {
        "TacReloadTime": {
          "Base": 2.5,
          "Common": 2.4175,
          "Rare": 2.3325,
          "Epic": 2.25
        },
        "FullReloadTime": {
          "Base": 3.5,
          "Common": 3.3845,
          "Rare": 3.2655,
          "Epic": 3.15
        },
        "PickupTime": 1.4,
        "EquipTime": {
          "Base": 0.45,
          "Common": 0.3825,
          "Rare": 0.36,
          "Epic": 0.3375
        },
        "HolsterTime": {
          "Base": 0.4,
          "Common": 0.34,
          "Rare": 0.32,
          "Epic": 0.3
        },
        "RaiseTime": {
          "Base": 0.3,
          "Common": 0.27,
          "Rare": 0.255,
          "Epic": 0.24
        },
        "LowerTime": {
          "Base": 0.25,
          "Common": 0.225,
          "Rare": 0.2125,
          "Epic": 0.2
        },
        "ZoomInTime": {
          "Base": 0.22,
          "Common": 0.187,
          "Rare": 0.176,
          "Epic": 0.165
        },
        "ZoomOutTime": {
          "Base": 0.2,
          "Common": 0.17,
          "Rare": 0.16,
          "Epic": 0.15
        },
        "AdsMovementSpeedMultiplier": 0.9
      },
      "Spread": {
        "DecayDelay": {
          "Base": 0.07
        },
        "DecayRate": {
          "Base": 2.5
        },
        "MovingIncreaseRate": {
          "Base": 5.5
        },
        "MovingDecayRate": {
          "Base": 12
        },
        "Hipfire": {
          "Standing": {
            "Base": 2.8
          },
          "Walking": {
            "Base": 2.8
          },
          "Sprinting": {
            "Base": 2.8
          },
          "Crouching": {
            "Base": 2.8
          },
          "InAir": {
            "Base": 2.8
          },
          "Hovering": {}
        },
        "ADS": {
          "Standing": 2.8,
          "Crouching": 2.8,
          "InAir": 2.8
        }
      }
    }
  }
}