{
  "Name": "Peacekeeper (Mythic)",
  "ID": "peacekeeper_mythic",
  "IsMythic": true,
  "WeaponModes": {
    "Default": {
      "Type": "Base",
      "Name": "Default",
      "Ammo": {
        "Type": "Shotgun",
        "MagazineSize": {
          "Base": 5
        }
      },
      "Firing": {
        "FireMode": "Manual Action",
        "FireRate": {
          "Base": 4
        },
        "RechamberTime": {
          "Base": 0.95
        },
        "ChargeTime": 0,
        "Shot": {
          "Projectiles": 9,
          "AmmoConsumed": 1,
          "Speed": 20000,
          "DragCoefficient": 0.001,
          "GravityMultiplier": 1,
          "MaxHeadshotDistance": 3940,
          "ProjectileSize": {
            "InitialSize": 0.4,
            "Step1": {
              "Size": 0.6,
              "Time": 0.025
            },
            "Step2": {
              "Size": 1,
              "Time": 0.1
            },
            "Final": {
              "Size": 1,
              "Time": 0.1
            }
          },
          "Damage": {
            "Amount": {
              "Near": 12
            },
            "Distance": {
              "Near": 100,
              "Far": 985,
              "VeryFar": 990
            },
            "Multipliers": {
              "Flesh": 1,
              "Shield": 1,
              "Head": 1.25,
              "Leg": 1,
              "CriticalHit": 1
            }
          },
          "BlastPattern": [
            {
              "X": 0,
              "Y": 0
            },
            {
              "X": 7.35,
              "Y": 9.5
            },
            {
              "X": -7.35,
              "Y": 9.5
            },
            {
              "X": 0,
              "Y": -9.5
            },
            {
              "X": 0,
              "Y": 7.5
            },
            {
              "X": -5.35,
              "Y": 2.75
            },
            {
              "X": 5.35,
              "Y": 2.75
            },
            {
              "X": -4.35,
              "Y": -4.3
            },
            {
              "X": 4.35,
              "Y": -4.3
            }
          ]
        }
      },
      "Handling": {
        "TacReloadTime": {
          "Base": 2.45
        },
        "FullReloadTime": {
          "Base": 3.35
        },
        "PickupTime": 1.4,
        "EquipTime": {
          "Base": 0.45
        },
        "HolsterTime": {
          "Base": 0.4
        },
        "RaiseTime": {
          "Base": 0.3
        },
        "LowerTime": {
          "Base": 0.25
        },
        "ZoomInTime": {
          "Base": 0.22
        },
        "ZoomOutTime": {
          "Base": 0.2
        },
        "AdsMovementSpeedMultiplier": 0.9
      },
      "Spread": {
        "DecayDelay": {
          "Base": 0.07
        },
        "DecayRate": {
          "Base": 2.5
        },
        "MovingIncreaseRate": {
          "Base": 5.5
        },
        "MovingDecayRate": {
          "Base": 12
        },
        "Hipfire": {
          "Standing": {
            "Base": 2.8
          },
          "Walking": {
            "Base": 2.8
          },
          "Sprinting": {
            "Base": 2.8
          },
          "Crouching": {
            "Base": 2.8
          },
          "InAir": {
            "Base": 2.8
          },
          "Hovering": {}
        },
        "ADS": {
          "Standing": 2.8,
          "Crouching": 2.8,
          "InAir": 2.8
        }
      }
    }
  }
}