{
  "Name": "R-301",
  "IsMythic": false,
  "WeaponModes": {
    "Default": {
      "Type": "Base",
      "Name": "Default",
      "Ammo": {
        "Type": "Light",
        "MagazineSize": {
          "Base": 21,
          "Common": 23,
          "Rare": 28,
          "Epic": 31,
          "Legendary": 31
        }
      },
      "Firing": {
        "FireMode": "Automatic",
        "FireRate": {
          "Base": 13.5
        },
        "Shot": {
          "Projectiles": 1,
          "AmmoConsumed": 1,
          "Speed": 29000,
          "DragCoefficient": 0.0025,
          "GravityMultiplier": 1.3,
          "MaxHeadshotDistance": 11828,
          "ProjectileSize": {
            "InitialSize": 0
          },
          "Damage": {
            "Amount": {
              "Near": 14
            },
            "Distance": {
              "Near": 1000,
              "Far": 2500,
              "VeryFar": 5000
            },
            "Multipliers": {
              "Flesh": 1,
              "Shield": 1,
              "Head": 1.3,
              "Leg": 0.75,
              "CriticalHit": 1.5
            }
          },
          "RecoilPattern": [
            {
              "X": 0,
              "Y": 0
            },
            {
              "X": 0.3,
              "Y": 0.54
            },
            {
              "X": 0.24,
              "Y": 1.22
            },
            {
              "X": 0.61,
              "Y": 1.67
            },
            {
              "X": 0.52,
              "Y": 2.24
            },
            {
              "X": 0.63,
              "Y": 2.69
            },
            {
              "X": 0.6,
              "Y": 2.94
            },
            {
              "X": 0.66,
              "Y": 3.15
            },
            {
              "X": 0.89,
              "Y": 3.23
            },
            {
              "X": 1.06,
              "Y": 3.4
            },
            {
              "X": 1.35,
              "Y": 3.31
            },
            {
              "X": 1.42,
              "Y": 3.52
            },
            {
              "X": 1.2,
              "Y": 3.75
            },
            {
              "X": 0.9,
              "Y": 3.98
            },
            {
              "X": 0.67,
              "Y": 4.09
            },
            {
              "X": 0.4,
              "Y": 4.16
            },
            {
              "X": 0.14,
              "Y": 4.16
            },
            {
              "X": -0.04,
              "Y": 4.09
            },
            {
              "X": -0.07,
              "Y": 4.28
            },
            {
              "X": 0.06,
              "Y": 4.5
            },
            {
              "X": 0.3,
              "Y": 4.66
            },
            {
              "X": 0.53,
              "Y": 4.66
            },
            {
              "X": 0.77,
              "Y": 4.71
            },
            {
              "X": 0.94,
              "Y": 4.67
            },
            {
              "X": 1.15,
              "Y": 4.59
            },
            {
              "X": 1.31,
              "Y": 4.61
            },
            {
              "X": 1.33,
              "Y": 4.79
            },
            {
              "X": 1.25,
              "Y": 4.85
            },
            {
              "X": 1.29,
              "Y": 4.94
            }
          ]
        }
      },
      "Handling": {
        "TacReloadTime": {
          "Base": 2.4,
          "Common": 2.3208,
          "Rare": 2.2392,
          "Epic": 2.16
        },
        "FullReloadTime": {
          "Base": 3.2,
          "Common": 3.0944,
          "Rare": 2.9856,
          "Epic": 2.88
        },
        "PickupTime": 1.1,
        "EquipTime": {
          "Base": 0.6,
          "Common": 0.51,
          "Rare": 0.48,
          "Epic": 0.45
        },
        "HolsterTime": {
          "Base": 0.55,
          "Common": 0.4675,
          "Rare": 0.44,
          "Epic": 0.4125
        },
        "RaiseTime": {
          "Base": 0.5,
          "Common": 0.45,
          "Rare": 0.425,
          "Epic": 0.4
        },
        "LowerTime": {
          "Base": 0.4,
          "Common": 0.36,
          "Rare": 0.34,
          "Epic": 0.32
        },
        "ZoomInTime": {
          "Base": 0.27,
          "Common": 0.2295,
          "Rare": 0.216,
          "Epic": 0.2025
        },
        "ZoomOutTime": {
          "Base": 0.23,
          "Common": 0.1955,
          "Rare": 0.184,
          "Epic": 0.1725
        },
        "AdsMovementSpeedMultiplier": 0.5
      },
      "Spread": {
        "DecayDelay": {
          "Base": 0.25
        },
        "DecayRate": {
          "Base": 100
        },
        "MovingIncreaseRate": {
          "Base": 3
        },
        "MovingDecayRate": {
          "Base": 30
        },
        "Hipfire": {
          "Standing": {
            "Base": 3
          },
          "Walking": {
            "Base": 6.6
          },
          "Sprinting": {
            "Base": 8.4
          },
          "Crouching": {
            "Base": 2.4
          },
          "InAir": {
            "Base": 8.4
          },
          "Hovering": {
            "Base": 12.6
          }
        },
        "ADS": {
          "Standing": 0,
          "Crouching": 0,
          "InAir": 6,
          "Hovering": 0.6
        }
      }
    }
  }
}