{
  "Name": "R-99",
  "IsMythic": false,
  "WeaponModes": {
    "Default": {
      "Type": "Base",
      "Name": "Default",
      "Ammo": {
        "Type": "Light",
        "MagazineSize": {
          "Base": 18,
          "Common": 21,
          "Rare": 24,
          "Epic": 27,
          "Legendary": 27
        }
      },
      "Firing": {
        "FireMode": "Automatic",
        "FireRate": {
          "Base": 18
        },
        "Shot": {
          "Projectiles": 1,
          "AmmoConsumed": 1,
          "Speed": 19000,
          "DragCoefficient": 0.0025,
          "GravityMultiplier": 1.2,
          "MaxHeadshotDistance": 1500,
          "ProjectileSize": {
            "InitialSize": 0
          },
          "Damage": {
            "Amount": {
              "Near": 13
            },
            "Distance": {
              "Near": 900,
              "Far": 1500,
              "VeryFar": 3500
            },
            "Multipliers": {
              "Flesh": 1,
              "Shield": 1,
              "Head": 1.25,
              "Leg": 0.8,
              "CriticalHit": 2
            }
          },
          "RecoilPattern": [
            {
              "X": 0.15,
              "Y": 0.43
            },
            {
              "X": 0.14,
              "Y": 0.86
            },
            {
              "X": -0.07,
              "Y": 1.23
            },
            {
              "X": 0.09,
              "Y": 1.83
            },
            {
              "X": 0.34,
              "Y": 2.67
            },
            {
              "X": 0.83,
              "Y": 3.36
            },
            {
              "X": 1.33,
              "Y": 3.98
            },
            {
              "X": 1.56,
              "Y": 4.55
            },
            {
              "X": 1.54,
              "Y": 5.13
            },
            {
              "X": 1.28,
              "Y": 5.65
            },
            {
              "X": 0.87,
              "Y": 6.14
            },
            {
              "X": 0.79,
              "Y": 6.57
            },
            {
              "X": 0.64,
              "Y": 7.12
            },
            {
              "X": 0.74,
              "Y": 7.39
            },
            {
              "X": 1.18,
              "Y": 7.45
            },
            {
              "X": 1.4,
              "Y": 7.58
            },
            {
              "X": 1.81,
              "Y": 7.65
            },
            {
              "X": 1.4,
              "Y": 7.9
            },
            {
              "X": 0.94,
              "Y": 7.9
            },
            {
              "X": 0.45,
              "Y": 8.03
            },
            {
              "X": 0.11,
              "Y": 8.15
            },
            {
              "X": -0.33,
              "Y": 8.3
            },
            {
              "X": -0,
              "Y": 8.36
            },
            {
              "X": 0.59,
              "Y": 8.37
            },
            {
              "X": 1.08,
              "Y": 8.27
            },
            {
              "X": 1.35,
              "Y": 8.26
            },
            {
              "X": 0.89,
              "Y": 8.5
            },
            {
              "X": 0.45,
              "Y": 8.53
            },
            {
              "X": 0.67,
              "Y": 8.69
            },
            {
              "X": 0.82,
              "Y": 8.94
            }
          ]
        }
      },
      "Handling": {
        "TacReloadTime": {
          "Base": 1.8,
          "Common": 1.7406,
          "Rare": 1.6794,
          "Epic": 1.62
        },
        "FullReloadTime": {
          "Base": 2.45,
          "Common": 2.36915,
          "Rare": 2.28585,
          "Epic": 2.205
        },
        "PickupTime": 1,
        "EquipTime": {
          "Base": 0.35,
          "Common": 0.2975,
          "Rare": 0.28,
          "Epic": 0.2625
        },
        "HolsterTime": {
          "Base": 0.3,
          "Common": 0.255,
          "Rare": 0.24,
          "Epic": 0.225
        },
        "RaiseTime": {
          "Base": 0.3,
          "Common": 0.27,
          "Rare": 0.255,
          "Epic": 0.24
        },
        "LowerTime": {
          "Base": 0.25,
          "Common": 0.225,
          "Rare": 0.2125,
          "Epic": 0.2
        },
        "ZoomInTime": {
          "Base": 0.22,
          "Common": 0.187,
          "Rare": 0.176,
          "Epic": 0.165
        },
        "ZoomOutTime": {
          "Base": 0.2,
          "Common": 0.17,
          "Rare": 0.16,
          "Epic": 0.15
        },
        "AdsMovementSpeedMultiplier": 0.75
      },
      "Spread": {
        "DecayDelay": {
          "Base": 0.15,
          "Common": 0.12,
          "Rare": 0.105,
          "Epic": 0.09,
          "Legendary": 0.3
        },
        "DecayRate": {
          "Base": 12,
          "Common": 14.4,
          "Rare": 15.6,
          "Epic": 16.8
        },
        "MovingIncreaseRate": {
          "Base": 3,
          "Common": 2.55,
          "Rare": 2.4,
          "Epic": 2.25
        },
        "MovingDecayRate": {
          "Base": 10.5,
          "Common": 12.075,
          "Rare": 12.6,
          "Epic": 13.125
        },
        "Hipfire": {
          "Standing": {
            "Base": 2,
            "Common": 1.6,
            "Rare": 1.4,
            "Epic": 1.2,
            "Legendary": 1.2
          },
          "Walking": {
            "Base": 3,
            "Common": 2.4,
            "Rare": 2.1,
            "Epic": 1.8,
            "Legendary": 1.8
          },
          "Sprinting": {
            "Base": 5,
            "Common": 4,
            "Rare": 3.5,
            "Epic": 3,
            "Legendary": 3
          },
          "Crouching": {
            "Base": 1.6,
            "Common": 1.28,
            "Rare": 1.12,
            "Epic": 0.96,
            "Legendary": 0.96
          },
          "InAir": {
            "Base": 7,
            "Common": 5.6,
            "Rare": 4.9,
            "Epic": 4.2,
            "Legendary": 4.2
          },
          "Hovering": {
            "Base": 7
          }
        },
        "ADS": {
          "Standing": 0.35,
          "Crouching": 0.25,
          "InAir": 5,
          "Hovering": 0.5
        }
      }
    }
  }
}