{
  "Name": "R-99 (Mythic)",
  "IsMythic": true,
  "WeaponModes": {
    "Default": {
      "Type": "Base",
      "Name": "Default",
      "Ammo": {
        "Type": "Light",
        "MagazineSize": {
          "Base": 30
        }
      },
      "Firing": {
        "FireMode": "Automatic",
        "FireRate": {
          "Base": 18
        },
        "Shot": {
          "Projectiles": 1,
          "AmmoConsumed": 1,
          "Speed": 19000,
          "DragCoefficient": 0.0025,
          "GravityMultiplier": 1.2,
          "MaxHeadshotDistance": 1500,
          "ProjectileSize": {
            "InitialSize": 0
          },
          "Damage": {
            "Amount": {
              "Near": 15,
              "Far": 14,
              "VeryFar": 13
            },
            "Distance": {
              "Near": 200,
              "Far": 350,
              "VeryFar": 500
            },
            "Multipliers": {
              "Flesh": 1,
              "Shield": 1,
              "Head": 1.25,
              "Leg": 0.8,
              "CriticalHit": 2
            }
          },
          "RecoilPattern": [
            {
              "X": 0,
              "Y": 0
            },
            {
              "X": 0.15,
              "Y": 0.43
            },
            {
              "X": 0.14,
              "Y": 0.86
            },
            {
              "X": -0.07,
              "Y": 1.23
            },
            {
              "X": 0.09,
              "Y": 1.83
            },
            {
              "X": 0.34,
              "Y": 2.67
            },
            {
              "X": 0.83,
              "Y": 3.36
            },
            {
              "X": 1.33,
              "Y": 3.98
            },
            {
              "X": 1.56,
              "Y": 4.55
            },
            {
              "X": 1.54,
              "Y": 5.13
            },
            {
              "X": 1.28,
              "Y": 5.65
            },
            {
              "X": 0.87,
              "Y": 6.14
            },
            {
              "X": 0.79,
              "Y": 6.57
            },
            {
              "X": 0.64,
              "Y": 7.12
            },
            {
              "X": 0.74,
              "Y": 7.39
            },
            {
              "X": 1.18,
              "Y": 7.45
            },
            {
              "X": 1.4,
              "Y": 7.58
            },
            {
              "X": 1.81,
              "Y": 7.65
            },
            {
              "X": 1.4,
              "Y": 7.9
            },
            {
              "X": 0.94,
              "Y": 7.9
            },
            {
              "X": 0.45,
              "Y": 8.03
            },
            {
              "X": 0.11,
              "Y": 8.15
            },
            {
              "X": -0.33,
              "Y": 8.3
            },
            {
              "X": -0,
              "Y": 8.36
            },
            {
              "X": 0.59,
              "Y": 8.37
            },
            {
              "X": 1.08,
              "Y": 8.27
            },
            {
              "X": 1.35,
              "Y": 8.26
            },
            {
              "X": 0.89,
              "Y": 8.5
            },
            {
              "X": 0.45,
              "Y": 8.53
            },
            {
              "X": 0.67,
              "Y": 8.69
            },
            {
              "X": 0.82,
              "Y": 8.94
            }
          ]
        }
      },
      "Handling": {
        "TacReloadTime": {
          "Base": 1.8
        },
        "FullReloadTime": {
          "Base": 2.45
        },
        "PickupTime": 1,
        "EquipTime": {
          "Base": 0.35
        },
        "HolsterTime": {
          "Base": 0.3
        },
        "RaiseTime": {
          "Base": 0.3
        },
        "LowerTime": {
          "Base": 0.25
        },
        "ZoomInTime": {
          "Base": 0.22
        },
        "ZoomOutTime": {
          "Base": 0.2
        },
        "AdsMovementSpeedMultiplier": 0.825
      },
      "Spread": {
        "DecayDelay": {
          "Base": 0.15
        },
        "DecayRate": {
          "Base": 12
        },
        "MovingIncreaseRate": {
          "Base": 3
        },
        "MovingDecayRate": {
          "Base": 10.5
        },
        "Hipfire": {
          "Standing": {
            "Base": 2
          },
          "Walking": {
            "Base": 3
          },
          "Sprinting": {
            "Base": 5
          },
          "Crouching": {
            "Base": 1.6
          },
          "InAir": {
            "Base": 7
          },
          "Hovering": {
            "Base": 7
          }
        },
        "ADS": {
          "Standing": 0.35,
          "Crouching": 0.25,
          "InAir": 5,
          "Hovering": 0.5
        }
      }
    }
  }
}