{
  "Name": "Rampage (Mythic)",
  "WeaponModes": {
    "Default": {
      "Type": "Base",
      "Name": "Default",
      "ChargedDuration": 120,
      "Ammo": {
        "Type": "Heavy",
        "MagazineSize": {
          "Base": 40
        }
      },
      "Firing": {
        "FireMode": "Automatic",
        "FireRate": {
          "Base": 5
        },
        "Shot": {
          "Projectiles": 1,
          "AmmoConsumed": 1,
          "Speed": 26500,
          "DragCoefficient": 0.0033,
          "GravityMultiplier": 1.4,
          "ProjectileSize": {
            "InitialSize": 0,
            "Step1": {
              "Size": 0.1,
              "Time": 0.005
            },
            "Step2": {
              "Size": 0.1,
              "Time": 0.07
            },
            "Final": {
              "Size": 0.1,
              "Time": 0.1
            }
          },
          "MaxHeadshotDistance": 2500,
          "Damage": {
            "Amount": {
              "Near": 28
            },
            "Distance": {
              "Near": 1500,
              "Far": 2500,
              "VeryFar": 4000
            },
            "Multipliers": {
              "Flesh": 1,
              "Shield": 1,
              "Head": 1.8,
              "Leg": 0.85,
              "CriticalHit": 1.5
            }
          },
          "RecoilPattern": [
            {
              "X": 0.13,
              "Y": 0.56
            },
            {
              "X": -0.31,
              "Y": 0.89
            },
            {
              "X": -0.49,
              "Y": 1.42
            },
            {
              "X": -0.11,
              "Y": 1.83
            },
            {
              "X": -0.03,
              "Y": 2.43
            },
            {
              "X": 0.25,
              "Y": 2.85
            },
            {
              "X": 0.55,
              "Y": 3.14
            },
            {
              "X": 0.93,
              "Y": 3.45
            },
            {
              "X": 1.19,
              "Y": 3.74
            },
            {
              "X": 1.3,
              "Y": 4.12
            },
            {
              "X": 0.95,
              "Y": 4.35
            },
            {
              "X": 0.56,
              "Y": 4.65
            },
            {
              "X": 0.3,
              "Y": 5.02
            },
            {
              "X": 0.04,
              "Y": 5.1
            },
            {
              "X": -0.25,
              "Y": 5.38
            },
            {
              "X": -0.52,
              "Y": 5.66
            },
            {
              "X": -0.51,
              "Y": 5.98
            },
            {
              "X": -0.38,
              "Y": 6.22
            },
            {
              "X": -0.56,
              "Y": 6.42
            },
            {
              "X": -0.44,
              "Y": 6.66
            },
            {
              "X": -0.6,
              "Y": 6.9
            },
            {
              "X": -0.8,
              "Y": 7.13
            },
            {
              "X": -0.68,
              "Y": 7.44
            },
            {
              "X": -0.9,
              "Y": 7.62
            },
            {
              "X": -1.12,
              "Y": 7.8
            },
            {
              "X": -1,
              "Y": 8.05
            },
            {
              "X": -1.29,
              "Y": 8.33
            }
          ]
        }
      },
      "Handling": {
        "TacReloadTime": {
          "Base": 3.1
        },
        "FullReloadTime": {
          "Base": 4
        },
        "PickupTime": 1.45,
        "EquipTime": {
          "Base": 0.8
        },
        "HolsterTime": {
          "Base": 0.75
        },
        "RaiseTime": {
          "Base": 0.65
        },
        "LowerTime": {
          "Base": 0.6
        },
        "ZoomInTime": {
          "Base": 0.34
        },
        "ZoomOutTime": {
          "Base": 0.3
        },
        "AdsMovementSpeedMultiplier": 0.4
      },
      "Spread": {
        "DecayDelay": {
          "Base": 0.3
        },
        "DecayRate": {
          "Base": 12
        },
        "MovingIncreaseRate": {},
        "MovingDecayRate": {},
        "Hipfire": {
          "Standing": {
            "Base": 2.5
          },
          "Walking": {
            "Base": 3
          },
          "Sprinting": {
            "Base": 3.5
          },
          "Crouching": {
            "Base": 1.75
          },
          "InAir": {
            "Base": 5
          },
          "Hovering": {
            "Base": 5
          }
        },
        "ADS": {
          "Standing": 0,
          "Crouching": 0,
          "InAir": 6,
          "Hovering": 0.6
        }
      }
    },
    "Revved Up": {
      "Type": "Charged",
      "Name": "Revved Up",
      "ChargedDuration": 120,
      "Ammo": {
        "Type": "Heavy",
        "MagazineSize": {
          "Base": 40
        }
      },
      "Firing": {
        "FireMode": "Automatic",
        "FireRate": {
          "Base": 7
        },
        "Shot": {
          "Projectiles": 1,
          "AmmoConsumed": 1,
          "Speed": 26500,
          "DragCoefficient": 0.0033,
          "GravityMultiplier": 1.4,
          "ProjectileSize": {
            "InitialSize": 0.15,
            "Step1": {
              "Size": 0.25,
              "Time": 0.005
            },
            "Step2": {
              "Size": 0.25,
              "Time": 0.07
            },
            "Final": {
              "Size": 0.25,
              "Time": 0.1
            }
          },
          "MaxHeadshotDistance": 2500,
          "Damage": {
            "Amount": {
              "Near": 28
            },
            "Distance": {
              "Near": 1500,
              "Far": 2500,
              "VeryFar": 4000
            },
            "Multipliers": {
              "Flesh": 1,
              "Shield": 1,
              "Head": 1.8,
              "Leg": 0.85,
              "CriticalHit": 1.5
            }
          },
          "RecoilPattern": [
            {
              "X": 0.13,
              "Y": 0.56
            },
            {
              "X": -0.31,
              "Y": 0.89
            },
            {
              "X": -0.49,
              "Y": 1.42
            },
            {
              "X": -0.11,
              "Y": 1.83
            },
            {
              "X": -0.03,
              "Y": 2.43
            },
            {
              "X": 0.25,
              "Y": 2.85
            },
            {
              "X": 0.55,
              "Y": 3.14
            },
            {
              "X": 0.93,
              "Y": 3.45
            },
            {
              "X": 1.19,
              "Y": 3.74
            },
            {
              "X": 1.3,
              "Y": 4.12
            },
            {
              "X": 0.95,
              "Y": 4.35
            },
            {
              "X": 0.56,
              "Y": 4.65
            },
            {
              "X": 0.3,
              "Y": 5.02
            },
            {
              "X": 0.04,
              "Y": 5.1
            },
            {
              "X": -0.25,
              "Y": 5.38
            },
            {
              "X": -0.52,
              "Y": 5.66
            },
            {
              "X": -0.51,
              "Y": 5.98
            },
            {
              "X": -0.38,
              "Y": 6.22
            },
            {
              "X": -0.56,
              "Y": 6.42
            },
            {
              "X": -0.44,
              "Y": 6.66
            },
            {
              "X": -0.6,
              "Y": 6.9
            },
            {
              "X": -0.8,
              "Y": 7.13
            },
            {
              "X": -0.68,
              "Y": 7.44
            },
            {
              "X": -0.9,
              "Y": 7.62
            },
            {
              "X": -1.12,
              "Y": 7.8
            },
            {
              "X": -1,
              "Y": 8.05
            },
            {
              "X": -1.29,
              "Y": 8.33
            }
          ]
        }
      },
      "Handling": {
        "TacReloadTime": {
          "Base": 3.1
        },
        "FullReloadTime": {
          "Base": 4
        },
        "PickupTime": 1.45,
        "EquipTime": {
          "Base": 0.8
        },
        "HolsterTime": {
          "Base": 0.75
        },
        "RaiseTime": {
          "Base": 0.65
        },
        "LowerTime": {
          "Base": 0.6
        },
        "ZoomInTime": {
          "Base": 0.34
        },
        "ZoomOutTime": {
          "Base": 0.3
        },
        "AdsMovementSpeedMultiplier": 0.4
      },
      "Spread": {
        "DecayDelay": {
          "Base": 0.3
        },
        "DecayRate": {
          "Base": 12
        },
        "MovingIncreaseRate": {},
        "MovingDecayRate": {},
        "Hipfire": {
          "Standing": {
            "Base": 2.5
          },
          "Walking": {
            "Base": 3
          },
          "Sprinting": {
            "Base": 3.5
          },
          "Crouching": {
            "Base": 1.75
          },
          "InAir": {
            "Base": 5
          },
          "Hovering": {
            "Base": 5
          }
        },
        "ADS": {
          "Standing": 0,
          "Crouching": 0,
          "InAir": 6,
          "Hovering": 0.6
        }
      }
    }
  }
}