{
  "Name": "RE-45",
  "IsMythic": false,
  "WeaponModes": {
    "Default": {
      "Type": "Base",
      "Name": "Default",
      "Ammo": {
        "Type": "Light",
        "MagazineSize": {
          "Base": 20,
          "Common": 21,
          "Rare": 23,
          "Epic": 26,
          "Legendary": 26
        }
      },
      "Firing": {
        "FireMode": "Automatic",
        "FireRate": {
          "Base": 13
        },
        "Shot": {
          "Projectiles": 1,
          "AmmoConsumed": 1,
          "Speed": 19500,
          "DragCoefficient": 0.0025,
          "GravityMultiplier": 1,
          "MaxHeadshotDistance": 1500,
          "ProjectileSize": {
            "InitialSize": 0
          },
          "Damage": {
            "Amount": {
              "Near": 14
            },
            "Distance": {
              "Near": 700,
              "Far": 1200,
              "VeryFar": 1700
            },
            "Multipliers": {
              "Flesh": 1,
              "Shield": 1,
              "Head": 1.25,
              "Leg": 0.9,
              "CriticalHit": 2
            }
          },
          "RecoilPattern": [
            {
              "X": 0.06,
              "Y": 1.05
            },
            {
              "X": 0.19,
              "Y": 1.95
            },
            {
              "X": 0.74,
              "Y": 2.88
            },
            {
              "X": 1.01,
              "Y": 3.84
            },
            {
              "X": 1.38,
              "Y": 4.65
            },
            {
              "X": 1.9,
              "Y": 5.29
            },
            {
              "X": 2.44,
              "Y": 5.84
            },
            {
              "X": 3.14,
              "Y": 6.38
            },
            {
              "X": 3.79,
              "Y": 6.85
            },
            {
              "X": 4.4,
              "Y": 7.21
            },
            {
              "X": 4.83,
              "Y": 7.58
            },
            {
              "X": 4.74,
              "Y": 8.07
            },
            {
              "X": 5.26,
              "Y": 8.5
            },
            {
              "X": 5.57,
              "Y": 8.87
            },
            {
              "X": 5.79,
              "Y": 9.45
            },
            {
              "X": 5.57,
              "Y": 9.97
            },
            {
              "X": 5.85,
              "Y": 10.4
            },
            {
              "X": 6.31,
              "Y": 10.52
            },
            {
              "X": 6.74,
              "Y": 10.83
            },
            {
              "X": 6.4,
              "Y": 11.11
            },
            {
              "X": 6.86,
              "Y": 11.33
            },
            {
              "X": 7.32,
              "Y": 11.7
            }
          ]
        }
      },
      "Handling": {
        "TacReloadTime": {
          "Base": 1.5
        },
        "FullReloadTime": {
          "Base": 1.95
        },
        "PickupTime": 1.1,
        "EquipTime": {
          "Base": 0.315
        },
        "HolsterTime": {
          "Base": 0.27
        },
        "RaiseTime": {
          "Base": 0.27
        },
        "LowerTime": {
          "Base": 0.225
        },
        "ZoomInTime": {
          "Base": 0.18
        },
        "ZoomOutTime": {
          "Base": 0.16
        },
        "AdsMovementSpeedMultiplier": 1
      },
      "Spread": {
        "DecayDelay": {
          "Base": 0.07,
          "Common": 0.056,
          "Rare": 0.049,
          "Epic": 0.042
        },
        "DecayRate": {
          "Base": 2.5,
          "Common": 3,
          "Rare": 3.25,
          "Epic": 3.5
        },
        "MovingIncreaseRate": {
          "Base": 5.5,
          "Common": 4.675,
          "Rare": 4.4,
          "Epic": 4.125
        },
        "MovingDecayRate": {
          "Base": 12,
          "Common": 13.8,
          "Rare": 14.4,
          "Epic": 15
        },
        "Hipfire": {
          "Standing": {
            "Base": 3,
            "Common": 2.4,
            "Rare": 2.1,
            "Epic": 1.8
          },
          "Walking": {
            "Base": 3.6,
            "Common": 2.88,
            "Rare": 2.52,
            "Epic": 2.16
          },
          "Sprinting": {
            "Base": 5,
            "Common": 4,
            "Rare": 3.5,
            "Epic": 3
          },
          "Crouching": {
            "Base": 1.6,
            "Common": 1.28,
            "Rare": 1.12,
            "Epic": 0.96
          },
          "InAir": {
            "Base": 7,
            "Common": 5.6,
            "Rare": 4.9,
            "Epic": 4.2
          },
          "Hovering": {
            "Base": 8
          }
        },
        "ADS": {
          "Standing": 0,
          "Crouching": 0,
          "InAir": 2,
          "Hovering": 0.2
        }
      }
    }
  }
}