{
  "Name": "Sentinel",
  "WeaponModes": {
    "Default": {
      "Type": "Base",
      "Name": "Default",
      "ChargedDuration": 150,
      "Ammo": {
        "Type": "Sniper",
        "MagazineSize": {
          "Base": 4,
          "Common": 5,
          "Rare": 6,
          "Epic": 7,
          "Legendary": 7
        }
      },
      "Firing": {
        "FireMode": "Rechambered",
        "FireRate": {
          "Base": 3.1
        },
        "RechamberTime": {
          "Base": 1.6
        },
        "Shot": {
          "Projectiles": 1,
          "AmmoConsumed": 1,
          "Speed": 31000,
          "DragCoefficient": 0,
          "GravityMultiplier": 1.4,
          "ProjectileSize": {
            "InitialSize": 0,
            "Step1": {
              "Size": 0.33,
              "Time": 0.127
            },
            "Step2": {
              "Size": 1.25,
              "Time": 0.254
            },
            "Final": {
              "Size": 2,
              "Time": 0.381
            }
          },
          "MaxHeadshotDistance": 29528,
          "Damage": {
            "Amount": {
              "Near": 70
            },
            "Distance": {
              "Near": 7500,
              "Far": 10000,
              "VeryFar": 12000
            },
            "Multipliers": {
              "Flesh": 1,
              "Shield": 1,
              "Head": 1.8,
              "Leg": 0.9,
              "CriticalHit": 2
            }
          }
        }
      },
      "Handling": {
        "TacReloadTime": {
          "Base": 3,
          "Common": 2.901,
          "Rare": 2.799,
          "Epic": 2.7
        },
        "FullReloadTime": {
          "Base": 4,
          "Common": 3.868,
          "Rare": 3.732,
          "Epic": 3.6
        },
        "PickupTime": 1.6,
        "EquipTime": {
          "Base": 1,
          "Common": 0.85,
          "Rare": 0.8,
          "Epic": 0.75
        },
        "HolsterTime": {
          "Base": 0.7,
          "Common": 0.595,
          "Rare": 0.56,
          "Epic": 0.525
        },
        "RaiseTime": {
          "Base": 0.65,
          "Common": 0.585,
          "Rare": 0.5525,
          "Epic": 0.52
        },
        "LowerTime": {
          "Base": 0.55,
          "Common": 0.495,
          "Rare": 0.4675,
          "Epic": 0.44
        },
        "ZoomInTime": {
          "Base": 0.31,
          "Common": 0.279,
          "Rare": 0.2635,
          "Epic": 0.248
        },
        "ZoomOutTime": {
          "Base": 0.28,
          "Common": 0.252,
          "Rare": 0.238,
          "Epic": 0.224
        },
        "AdsMovementSpeedMultiplier": 0.35
      },
      "Spread": {
        "DecayDelay": {
          "Base": 0.1
        },
        "DecayRate": {
          "Base": 4
        },
        "MovingIncreaseRate": {},
        "MovingDecayRate": {},
        "Hipfire": {
          "Standing": {
            "Base": 8
          },
          "Walking": {
            "Base": 10
          },
          "Sprinting": {
            "Base": 11
          },
          "Crouching": {
            "Base": 6
          },
          "InAir": {
            "Base": 10
          },
          "Hovering": {
            "Base": 10
          }
        },
        "ADS": {
          "Standing": 0,
          "Crouching": 0,
          "InAir": 6,
          "Hovering": 0.6
        }
      }
    },
    "Amped": {
      "Type": "Charged",
      "Name": "Amped",
      "ChargedDuration": 150,
      "Ammo": {
        "Type": "Sniper",
        "MagazineSize": {
          "Base": 4,
          "Common": 5,
          "Rare": 6,
          "Epic": 7,
          "Legendary": 7
        }
      },
      "Firing": {
        "FireMode": "Rechambered",
        "FireRate": {
          "Base": 3.1
        },
        "RechamberTime": {
          "Base": 1.2800001
        },
        "Shot": {
          "Projectiles": 1,
          "AmmoConsumed": 1,
          "Speed": 31000,
          "DragCoefficient": 0,
          "GravityMultiplier": 1.4,
          "ProjectileSize": {
            "InitialSize": 0.33,
            "Step1": {
              "Size": 0.66,
              "Time": 0.127
            },
            "Step2": {
              "Size": 1.5,
              "Time": 0.254
            },
            "Final": {
              "Size": 2.25,
              "Time": 0.381
            }
          },
          "MaxHeadshotDistance": 29528,
          "Damage": {
            "Amount": {
              "Near": 88
            },
            "Distance": {
              "Near": 7500,
              "Far": 10000,
              "VeryFar": 12000
            },
            "Multipliers": {
              "Flesh": 1,
              "Shield": 1,
              "Head": 1.8,
              "Leg": 0.9,
              "CriticalHit": 2
            }
          }
        }
      },
      "Handling": {
        "TacReloadTime": {
          "Base": 3,
          "Common": 2.901,
          "Rare": 2.799,
          "Epic": 2.7
        },
        "FullReloadTime": {
          "Base": 4,
          "Common": 3.868,
          "Rare": 3.732,
          "Epic": 3.6
        },
        "PickupTime": 1.6,
        "EquipTime": {
          "Base": 1,
          "Common": 0.85,
          "Rare": 0.8,
          "Epic": 0.75
        },
        "HolsterTime": {
          "Base": 0.7,
          "Common": 0.595,
          "Rare": 0.56,
          "Epic": 0.525
        },
        "RaiseTime": {
          "Base": 0.65,
          "Common": 0.585,
          "Rare": 0.5525,
          "Epic": 0.52
        },
        "LowerTime": {
          "Base": 0.55,
          "Common": 0.495,
          "Rare": 0.4675,
          "Epic": 0.44
        },
        "ZoomInTime": {
          "Base": 0.31,
          "Common": 0.279,
          "Rare": 0.2635,
          "Epic": 0.248
        },
        "ZoomOutTime": {
          "Base": 0.28,
          "Common": 0.252,
          "Rare": 0.238,
          "Epic": 0.224
        },
        "AdsMovementSpeedMultiplier": 0.35
      },
      "Spread": {
        "DecayDelay": {
          "Base": 0.1
        },
        "DecayRate": {
          "Base": 4
        },
        "MovingIncreaseRate": {},
        "MovingDecayRate": {},
        "Hipfire": {
          "Standing": {
            "Base": 8
          },
          "Walking": {
            "Base": 10
          },
          "Sprinting": {
            "Base": 11
          },
          "Crouching": {
            "Base": 6
          },
          "InAir": {
            "Base": 10
          },
          "Hovering": {
            "Base": 10
          }
        },
        "ADS": {
          "Standing": 0,
          "Crouching": 0,
          "InAir": 6,
          "Hovering": 0.6
        }
      }
    }
  }
}