{
  "Name": "Sheila (Rampart)",
  "WeaponModes": {
    "Default": {
      "Type": "Base",
      "Name": "Default",
      "Ammo": {
        "Type": "Unknown",
        "MagazineSize": {
          "Base": 173
        }
      },
      "Firing": {
        "FireMode": "Offhandhybrid",
        "FireRate": {
          "Base": 20
        },
        "Shot": {
          "Projectiles": 1,
          "AmmoConsumed": 43,
          "Speed": 25000,
          "GravityMultiplier": 1,
          "ProjectileSize": {
            "InitialSize": 0,
            "Step1": {
              "Size": 0.1,
              "Time": 0.005
            },
            "Step2": {
              "Size": 0.1,
              "Time": 0.07
            },
            "Final": {
              "Size": 0.1,
              "Time": 0.1
            }
          },
          "MaxHeadshotDistance": 2500,
          "Damage": {
            "Amount": {
              "Near": 14
            },
            "Distance": {
              "Near": 1500,
              "Far": 2500,
              "VeryFar": 4000
            },
            "Multipliers": {
              "Flesh": 1,
              "Shield": 1,
              "Head": 2,
              "Leg": 1,
              "CriticalHit": 1.5
            }
          },
          "RecoilPattern": [
            {
              "X": 0.68,
              "Y": 1.07
            },
            {
              "X": 1.68,
              "Y": 1.57
            },
            {
              "X": 1.84,
              "Y": 2.77
            },
            {
              "X": 1.95,
              "Y": 3.75
            },
            {
              "X": 1.67,
              "Y": 4.76
            },
            {
              "X": 1.15,
              "Y": 5.67
            },
            {
              "X": 0.99,
              "Y": 6.93
            },
            {
              "X": 0.54,
              "Y": 7.72
            },
            {
              "X": 0.11,
              "Y": 8.49
            },
            {
              "X": 0.06,
              "Y": 9.23
            },
            {
              "X": 0.27,
              "Y": 9.96
            },
            {
              "X": 0.22,
              "Y": 10.51
            },
            {
              "X": 0.12,
              "Y": 10.96
            },
            {
              "X": 0.14,
              "Y": 11.42
            },
            {
              "X": -0.01,
              "Y": 11.87
            },
            {
              "X": 0.06,
              "Y": 12.35
            },
            {
              "X": -0.03,
              "Y": 12.71
            },
            {
              "X": -0.07,
              "Y": 13.01
            },
            {
              "X": -0,
              "Y": 13.33
            },
            {
              "X": -0.03,
              "Y": 13.61
            },
            {
              "X": -0.09,
              "Y": 13.84
            },
            {
              "X": -0.22,
              "Y": 14.16
            },
            {
              "X": -0.4,
              "Y": 14.36
            },
            {
              "X": -0.45,
              "Y": 14.67
            },
            {
              "X": -0.21,
              "Y": 14.88
            },
            {
              "X": 0.13,
              "Y": 14.98
            },
            {
              "X": 0.34,
              "Y": 15.22
            },
            {
              "X": 0.37,
              "Y": 15.56
            },
            {
              "X": 0.54,
              "Y": 15.8
            },
            {
              "X": 0.46,
              "Y": 16.06
            },
            {
              "X": 0.26,
              "Y": 16.28
            },
            {
              "X": 0.26,
              "Y": 16.49
            },
            {
              "X": 0.02,
              "Y": 16.65
            },
            {
              "X": -0.04,
              "Y": 17.06
            },
            {
              "X": -0,
              "Y": 17.38
            },
            {
              "X": 0.36,
              "Y": 17.63
            },
            {
              "X": 0.35,
              "Y": 17.94
            },
            {
              "X": 0.29,
              "Y": 18.31
            },
            {
              "X": 0.12,
              "Y": 18.69
            }
          ]
        }
      },
      "Handling": {
        "TacReloadTime": {
          "Base": 8.667
        },
        "FullReloadTime": {
          "Base": 8.667
        },
        "PickupTime": 1.45,
        "EquipTime": {
          "Base": 1.6
        },
        "HolsterTime": {
          "Base": 0.4
        },
        "RaiseTime": {
          "Base": 1.6
        },
        "LowerTime": {
          "Base": 0.4
        },
        "ZoomInTime": {
          "Base": 1.25
        },
        "ZoomOutTime": {
          "Base": 1
        },
        "AdsMovementSpeedMultiplier": 0.4
      },
      "Spread": {
        "DecayDelay": {
          "Base": 0.1
        },
        "DecayRate": {
          "Base": 12
        },
        "MovingIncreaseRate": {},
        "MovingDecayRate": {},
        "Hipfire": {
          "Standing": {
            "Base": 3
          },
          "Walking": {
            "Base": 3
          },
          "Sprinting": {
            "Base": 3
          },
          "Crouching": {
            "Base": 3
          },
          "InAir": {
            "Base": 5.5
          },
          "Hovering": {
            "Base": 5
          }
        },
        "ADS": {
          "Standing": 3,
          "Crouching": 3,
          "InAir": 5.5,
          "Hovering": 0.6
        }
      }
    }
  }
}