{
  "Name": "Sheila (Rampart)",
  "IsMythic": false,
  "WeaponModes": {
    "Default": {
      "Type": "Base",
      "Name": "Default",
      "Ammo": {
        "Type": "Unknown",
        "MagazineSize": {
          "Base": 173
        }
      },
      "Firing": {
        "FireMode": "Offhandhybrid",
        "FireRate": {
          "Base": 20
        },
        "Shot": {
          "Projectiles": 1,
          "AmmoConsumed": 43,
          "Speed": 25000,
          "GravityMultiplier": 1,
          "MaxHeadshotDistance": 2500,
          "ProjectileSize": {
            "InitialSize": 0,
            "Step1": {
              "Size": 0.1,
              "Time": 0.005
            },
            "Step2": {
              "Size": 0.1,
              "Time": 0.07
            },
            "Final": {
              "Size": 0.1,
              "Time": 0.1
            }
          },
          "Damage": {
            "Amount": {
              "Near": 14
            },
            "Distance": {
              "Near": 1500,
              "Far": 2500,
              "VeryFar": 4000
            },
            "Multipliers": {
              "Flesh": 1,
              "Shield": 1,
              "Head": 2,
              "Leg": 1,
              "CriticalHit": 1.5
            }
          },
          "RecoilPattern": [
            {
              "X": 0,
              "Y": 0
            },
            {
              "X": 0.68,
              "Y": 2.14
            },
            {
              "X": 1.68,
              "Y": 3.14
            },
            {
              "X": 1.84,
              "Y": 5.54
            },
            {
              "X": 1.95,
              "Y": 7.5
            },
            {
              "X": 1.67,
              "Y": 9.52
            },
            {
              "X": 1.15,
              "Y": 11.34
            },
            {
              "X": 0.99,
              "Y": 13.86
            },
            {
              "X": 0.54,
              "Y": 15.44
            },
            {
              "X": 0.11,
              "Y": 16.98
            },
            {
              "X": 0.06,
              "Y": 18.46
            },
            {
              "X": 0.27,
              "Y": 19.92
            },
            {
              "X": 0.22,
              "Y": 21.02
            },
            {
              "X": 0.12,
              "Y": 21.92
            },
            {
              "X": 0.14,
              "Y": 22.84
            },
            {
              "X": -0.01,
              "Y": 23.74
            },
            {
              "X": 0.06,
              "Y": 24.7
            },
            {
              "X": -0.03,
              "Y": 25.42
            },
            {
              "X": -0.07,
              "Y": 26.02
            },
            {
              "X": -0,
              "Y": 26.66
            },
            {
              "X": -0.03,
              "Y": 27.22
            },
            {
              "X": -0.09,
              "Y": 27.68
            },
            {
              "X": -0.22,
              "Y": 28.32
            },
            {
              "X": -0.4,
              "Y": 28.72
            },
            {
              "X": -0.45,
              "Y": 29.34
            },
            {
              "X": -0.21,
              "Y": 29.76
            },
            {
              "X": 0.13,
              "Y": 29.96
            },
            {
              "X": 0.34,
              "Y": 30.44
            },
            {
              "X": 0.37,
              "Y": 31.12
            },
            {
              "X": 0.54,
              "Y": 31.6
            },
            {
              "X": 0.46,
              "Y": 32.12
            },
            {
              "X": 0.26,
              "Y": 32.56
            },
            {
              "X": 0.26,
              "Y": 32.98
            },
            {
              "X": 0.02,
              "Y": 33.3
            },
            {
              "X": -0.04,
              "Y": 34.12
            },
            {
              "X": -0,
              "Y": 34.76
            },
            {
              "X": 0.36,
              "Y": 35.26
            },
            {
              "X": 0.35,
              "Y": 35.88
            },
            {
              "X": 0.29,
              "Y": 36.62
            },
            {
              "X": 0.12,
              "Y": 37.38
            }
          ]
        }
      },
      "Handling": {
        "TacReloadTime": {
          "Base": 8.667
        },
        "FullReloadTime": {
          "Base": 8.667
        },
        "PickupTime": 1.45,
        "EquipTime": {
          "Base": 1.6
        },
        "HolsterTime": {
          "Base": 0.4
        },
        "RaiseTime": {
          "Base": 1.6
        },
        "LowerTime": {
          "Base": 0.4
        },
        "ZoomInTime": {
          "Base": 1.25
        },
        "ZoomOutTime": {
          "Base": 1
        },
        "AdsMovementSpeedMultiplier": 0.4
      },
      "Spread": {
        "DecayDelay": {
          "Base": 0.1
        },
        "DecayRate": {
          "Base": 12
        },
        "MovingIncreaseRate": {},
        "MovingDecayRate": {},
        "Hipfire": {
          "Standing": {
            "Base": 3
          },
          "Walking": {
            "Base": 3
          },
          "Sprinting": {
            "Base": 3
          },
          "Crouching": {
            "Base": 3
          },
          "InAir": {
            "Base": 5.5
          },
          "Hovering": {
            "Base": 5
          }
        },
        "ADS": {
          "Standing": 3,
          "Crouching": 3,
          "InAir": 5.5,
          "Hovering": 0.6
        }
      }
    }
  }
}