{
  "Name": "Sniper's Mark (Vantage)",
  "IsMythic": false,
  "WeaponModes": {
    "Default": {
      "Type": "Base",
      "Name": "Default",
      "ChargedDuration": 0.1,
      "Ammo": {
        "Type": "Unknown",
        "MagazineSize": {
          "Base": 240
        }
      },
      "Firing": {
        "FireMode": "Manual Action",
        "FireRate": {
          "Base": 3
        },
        "RechamberTime": {
          "Base": 1.2
        },
        "Shot": {
          "Projectiles": 1,
          "AmmoConsumed": 40,
          "Speed": 34000,
          "ProjectileSize": {
            "InitialSize": 1,
            "Step1": {
              "Size": 5,
              "Time": 0.04
            },
            "Step2": {
              "Size": 7,
              "Time": 0.1
            },
            "Final": {
              "Size": 10,
              "Time": 0.16
            }
          },
          "MaxHeadshotDistance": 29528,
          "Damage": {
            "Amount": {
              "Near": 50
            },
            "Distance": {
              "Near": 7500,
              "Far": 10000,
              "VeryFar": 12000
            },
            "Multipliers": {
              "Flesh": 1,
              "Shield": 1,
              "Head": 1.5,
              "Leg": null,
              "CriticalHit": null
            }
          }
        }
      },
      "Handling": {
        "TacReloadTime": {},
        "FullReloadTime": {},
        "EquipTime": {
          "Base": 1.5
        },
        "HolsterTime": {
          "Base": 0.5
        },
        "RaiseTime": {
          "Base": 1.5
        },
        "LowerTime": {
          "Base": 0.5
        },
        "ZoomInTime": {
          "Base": 0.6
        },
        "ZoomOutTime": {
          "Base": 0.5
        }
      },
      "Spread": {
        "DecayDelay": {
          "Base": 0.1
        },
        "DecayRate": {
          "Base": 4
        },
        "MovingIncreaseRate": {},
        "MovingDecayRate": {},
        "Hipfire": {
          "Standing": {
            "Base": 15
          },
          "Walking": {
            "Base": 18
          },
          "Sprinting": {
            "Base": 20
          },
          "Crouching": {
            "Base": 15
          },
          "InAir": {
            "Base": 20
          },
          "Hovering": {}
        },
        "ADS": {
          "Standing": 0,
          "Crouching": 0,
          "InAir": 6
        }
      }
    }
  }
}