{
  "Name": "Triple Take",
  "IsMythic": false,
  "WeaponModes": {
    "Default": {
      "Type": "Base",
      "Name": "Default",
      "Ammo": {
        "Type": "Energy",
        "MagazineSize": {
          "Base": 6,
          "Common": 7,
          "Rare": 8,
          "Epic": 10,
          "Legendary": 10
        }
      },
      "Firing": {
        "FireMode": "Single",
        "FireRate": {
          "Base": 1.45
        },
        "Shot": {
          "Projectiles": 3,
          "AmmoConsumed": 1,
          "Speed": 31000,
          "DragCoefficient": 0,
          "GravityMultiplier": 1.4,
          "ProjectileSize": {
            "InitialSize": 0.25,
            "Step1": {
              "Size": 0.25,
              "Time": 0.11
            },
            "Step2": {
              "Size": 0.5,
              "Time": 0.12
            },
            "Final": {
              "Size": 0.5,
              "Time": 0.01
            }
          },
          "MaxHeadshotDistance": 17716,
          "Damage": {
            "Amount": {
              "Near": 22
            },
            "Distance": {
              "Near": 1000,
              "Far": 2500,
              "VeryFar": 5000
            },
            "Multipliers": {
              "Flesh": 1,
              "Shield": 1,
              "Head": 1.5,
              "Leg": 0.9,
              "CriticalHit": 2
            }
          },
          "BlastPattern": [
            {
              "X": 0,
              "Y": 0
            },
            {
              "X": -1,
              "Y": 0
            },
            {
              "X": 1,
              "Y": 0
            }
          ]
        }
      },
      "Handling": {
        "TacReloadTime": {
          "Base": 2.6,
          "Common": 2.5142,
          "Rare": 2.4258,
          "Epic": 2.34
        },
        "FullReloadTime": {
          "Base": 3.4,
          "Common": 3.2878,
          "Rare": 3.1722,
          "Epic": 3.06
        },
        "PickupTime": 1.5,
        "EquipTime": {
          "Base": 0.65,
          "Common": 0.4875,
          "Rare": 0.455,
          "Epic": 0.4225
        },
        "HolsterTime": {
          "Base": 0.55,
          "Common": 0.4125,
          "Rare": 0.385,
          "Epic": 0.3575
        },
        "RaiseTime": {
          "Base": 0.5,
          "Common": 0.4,
          "Rare": 0.375,
          "Epic": 0.35
        },
        "LowerTime": {
          "Base": 0.4,
          "Common": 0.32,
          "Rare": 0.3,
          "Epic": 0.28
        },
        "ZoomInTime": {
          "Base": 0.3,
          "Common": 0.24,
          "Rare": 0.225,
          "Epic": 0.21
        },
        "ZoomOutTime": {
          "Base": 0.26,
          "Common": 0.208,
          "Rare": 0.195,
          "Epic": 0.182
        },
        "AdsMovementSpeedMultiplier": 0.425
      },
      "Spread": {
        "DecayDelay": {
          "Base": 0.1
        },
        "DecayRate": {
          "Base": 10
        },
        "MovingIncreaseRate": {
          "Base": 20
        },
        "MovingDecayRate": {
          "Base": 20
        },
        "Hipfire": {
          "Standing": {
            "Base": 2.5
          },
          "Walking": {
            "Base": 4.15
          },
          "Sprinting": {
            "Base": 5
          },
          "Crouching": {
            "Base": 1.86
          },
          "InAir": {
            "Base": 5.8
          },
          "Hovering": {
            "Base": 7
          }
        },
        "ADS": {
          "Standing": 0,
          "Crouching": 0,
          "InAir": 4,
          "Hovering": 0.6
        }
      }
    }
  }
}