{
  "Name": "Wingman (Mythic)",
  "ID": "wingman_mythic",
  "IsMythic": true,
  "WeaponModes": {
    "Default": {
      "Type": "Base",
      "Name": "Default",
      "Ammo": {
        "Type": "Sniper",
        "MagazineSize": {
          "Base": 9
        }
      },
      "Firing": {
        "FireMode": "Semi Automatic",
        "FireRate": {
          "Base": 2.8
        },
        "Shot": {
          "Projectiles": 1,
          "AmmoConsumed": 1,
          "Speed": 18000,
          "DragCoefficient": 0.0025,
          "GravityMultiplier": 1.2,
          "MaxHeadshotDistance": 10000,
          "ProjectileSize": {
            "InitialSize": 0.4,
            "Step1": {
              "Size": 0.6,
              "Time": 0.02
            },
            "Step2": {
              "Size": 1,
              "Time": 0.08
            },
            "Final": {
              "Size": 1,
              "Time": 0.15
            }
          },
          "Damage": {
            "Amount": {
              "Near": 50
            },
            "Distance": {
              "Near": 800,
              "Far": 1300,
              "VeryFar": 1800
            },
            "Multipliers": {
              "Flesh": 1,
              "Shield": 1,
              "Head": 1.5,
              "Leg": 0.9,
              "CriticalHit": 2
            }
          }
        }
      },
      "Handling": {
        "TacReloadTime": {
          "Base": 2.1
        },
        "FullReloadTime": {
          "Base": 2.1
        },
        "PickupTime": 1.45,
        "EquipTime": {
          "Base": 0.4
        },
        "HolsterTime": {
          "Base": 0.36
        },
        "RaiseTime": {
          "Base": 0.315
        },
        "LowerTime": {
          "Base": 0.27
        },
        "ZoomInTime": {
          "Base": 0.18
        },
        "ZoomOutTime": {
          "Base": 0.16
        },
        "AdsMovementSpeedMultiplier": 1
      },
      "Spread": {
        "DecayDelay": {
          "Base": 0.26
        },
        "DecayRate": {
          "Base": 11
        },
        "MovingIncreaseRate": {
          "Base": 5.5
        },
        "MovingDecayRate": {
          "Base": 12
        },
        "Hipfire": {
          "Standing": {
            "Base": 2.4
          },
          "Walking": {
            "Base": 3
          },
          "Sprinting": {
            "Base": 4
          },
          "Crouching": {
            "Base": 1.5
          },
          "InAir": {
            "Base": 6
          },
          "Hovering": {
            "Base": 8
          }
        },
        "ADS": {
          "Standing": 0,
          "Crouching": 0,
          "InAir": 2,
          "Hovering": 0.2
        }
      }
    }
  }
}