{
  "Name": "Wingman",
  "WeaponModes": {
    "Default": {
      "Type": "Base",
      "Name": "Default",
      "Ammo": {
        "Type": "Sniper",
        "MagazineSize": {
          "Base": 5,
          "Common": 6,
          "Rare": 7,
          "Epic": 8,
          "Legendary": 8
        }
      },
      "Firing": {
        "FireMode": "Single",
        "FireRate": {
          "Base": 2.8
        },
        "Shot": {
          "Projectiles": 1,
          "AmmoConsumed": 1,
          "Speed": 18000,
          "DragCoefficient": 0.0025,
          "GravityMultiplier": 1.2,
          "ProjectileSize": {
            "InitialSize": 0
          },
          "MaxHeadshotDistance": 10000,
          "Damage": {
            "Amount": {
              "Near": 50
            },
            "Distance": {
              "Near": 800,
              "Far": 1300,
              "VeryFar": 1800
            },
            "Multipliers": {
              "Flesh": 1,
              "Shield": 1,
              "Head": 1.5,
              "Leg": 0.9,
              "CriticalHit": 2
            }
          }
        }
      },
      "Handling": {
        "TacReloadTime": {
          "Base": 2.1
        },
        "FullReloadTime": {
          "Base": 2.1
        },
        "PickupTime": 1.45,
        "EquipTime": {
          "Base": 0.4
        },
        "HolsterTime": {
          "Base": 0.36
        },
        "RaiseTime": {
          "Base": 0.315
        },
        "LowerTime": {
          "Base": 0.27
        },
        "ZoomInTime": {
          "Base": 0.18
        },
        "ZoomOutTime": {
          "Base": 0.16
        },
        "AdsMovementSpeedMultiplier": 1
      },
      "Spread": {
        "DecayDelay": {
          "Base": 0.26,
          "Common": 0.208,
          "Rare": 0.182,
          "Epic": 0.156
        },
        "DecayRate": {
          "Base": 11,
          "Common": 13.2,
          "Rare": 14.3,
          "Epic": 15.4
        },
        "MovingIncreaseRate": {
          "Base": 5.5,
          "Common": 4.675,
          "Rare": 4.4,
          "Epic": 4.125
        },
        "MovingDecayRate": {
          "Base": 12,
          "Common": 13.8,
          "Rare": 14.4,
          "Epic": 15
        },
        "Hipfire": {
          "Standing": {
            "Base": 2.4,
            "Common": 1.92,
            "Rare": 1.68,
            "Epic": 1.44
          },
          "Walking": {
            "Base": 3,
            "Common": 2.4,
            "Rare": 2.1,
            "Epic": 1.8
          },
          "Sprinting": {
            "Base": 4,
            "Common": 3.2,
            "Rare": 2.8,
            "Epic": 2.4
          },
          "Crouching": {
            "Base": 1.5,
            "Common": 1.2,
            "Rare": 1.05,
            "Epic": 0.9
          },
          "InAir": {
            "Base": 6,
            "Common": 4.8,
            "Rare": 4.2,
            "Epic": 3.6
          },
          "Hovering": {
            "Base": 8
          }
        },
        "ADS": {
          "Standing": 0,
          "Crouching": 0,
          "InAir": 2,
          "Hovering": 0.2
        }
      }
    }
  }
}