{
  "Name": "Spitfire",
  "ID": "spitfire",
  "IsMythic": false,
  "WeaponModes": {
    "Default": {
      "Type": "Base",
      "Name": "Default",
      "Ammo": {
        "Type": "Light",
        "MagazineSize": {
          "Base": 35,
          "Common": 40,
          "Rare": 45,
          "Epic": 50,
          "Legendary": 50
        }
      },
      "Firing": {
        "FireMode": "Automatic",
        "FireRate": {
          "Base": 9
        },
        "Shot": {
          "Projectiles": 1,
          "AmmoConsumed": 1,
          "Speed": 27500,
          "DragCoefficient": 0.0033,
          "GravityMultiplier": 1.4,
          "MaxHeadshotDistance": 2250,
          "ProjectileSize": {
            "InitialSize": 0
          },
          "Damage": {
            "Amount": {
              "Near": 21
            },
            "Distance": {
              "Near": 1500,
              "Far": 2500,
              "VeryFar": 4000
            },
            "Multipliers": {
              "Flesh": 1,
              "Shield": 1,
              "Head": 1.25,
              "Leg": 0.85,
              "CriticalHit": 1.5
            }
          },
          "RecoilPattern": [
            {
              "X": 0,
              "Y": 0
            },
            {
              "X": -0.1,
              "Y": 0.76
            },
            {
              "X": -0.15,
              "Y": 1
            },
            {
              "X": -0.47,
              "Y": 1.48
            },
            {
              "X": -0.68,
              "Y": 1.83
            },
            {
              "X": -0.79,
              "Y": 2.29
            },
            {
              "X": -0.78,
              "Y": 2.75
            },
            {
              "X": -0.63,
              "Y": 2.88
            },
            {
              "X": -0.31,
              "Y": 2.78
            },
            {
              "X": -0.22,
              "Y": 2.7
            },
            {
              "X": -0.09,
              "Y": 2.86
            },
            {
              "X": -0,
              "Y": 3.19
            },
            {
              "X": -0.15,
              "Y": 3.29
            },
            {
              "X": -0.48,
              "Y": 3.51
            },
            {
              "X": -0.65,
              "Y": 3.58
            },
            {
              "X": -0.97,
              "Y": 3.5
            },
            {
              "X": -1.11,
              "Y": 3.57
            },
            {
              "X": -1.17,
              "Y": 3.96
            },
            {
              "X": -1.28,
              "Y": 4.34
            },
            {
              "X": -1.51,
              "Y": 4.56
            },
            {
              "X": -1.81,
              "Y": 4.65
            },
            {
              "X": -1.94,
              "Y": 4.68
            },
            {
              "X": -1.9,
              "Y": 4.96
            },
            {
              "X": -1.67,
              "Y": 5.12
            },
            {
              "X": -1.52,
              "Y": 5.25
            },
            {
              "X": -1.26,
              "Y": 5.41
            },
            {
              "X": -0.99,
              "Y": 5.51
            },
            {
              "X": -0.73,
              "Y": 5.41
            },
            {
              "X": -0.62,
              "Y": 5.64
            },
            {
              "X": -0.47,
              "Y": 5.95
            },
            {
              "X": -0.48,
              "Y": 6.26
            }
          ]
        }
      },
      "Handling": {
        "TacReloadTime": {
          "Base": 3.4,
          "Common": 3.2878,
          "Rare": 3.1722,
          "Epic": 3.06
        },
        "FullReloadTime": {
          "Base": 4.2,
          "Common": 4.0614,
          "Rare": 3.9186,
          "Epic": 3.78
        },
        "PickupTime": 1.45,
        "EquipTime": {
          "Base": 0.8,
          "Common": 0.68,
          "Rare": 0.64,
          "Epic": 0.6
        },
        "HolsterTime": {
          "Base": 0.75,
          "Common": 0.6375,
          "Rare": 0.6,
          "Epic": 0.5625
        },
        "RaiseTime": {
          "Base": 0.65,
          "Common": 0.585,
          "Rare": 0.5525,
          "Epic": 0.52
        },
        "LowerTime": {
          "Base": 0.6,
          "Common": 0.54,
          "Rare": 0.51,
          "Epic": 0.48
        },
        "ZoomInTime": {
          "Base": 0.34,
          "Common": 0.289,
          "Rare": 0.272,
          "Epic": 0.255
        },
        "ZoomOutTime": {
          "Base": 0.3,
          "Common": 0.255,
          "Rare": 0.24,
          "Epic": 0.225
        },
        "AdsMovementSpeedMultiplier": 0.4
      },
      "Spread": {
        "DecayDelay": {
          "Base": 0.3
        },
        "DecayRate": {
          "Base": 12
        },
        "MovingIncreaseRate": {},
        "MovingDecayRate": {},
        "Hipfire": {
          "Standing": {
            "Base": 6
          },
          "Walking": {
            "Base": 7.2
          },
          "Sprinting": {
            "Base": 7.5
          },
          "Crouching": {
            "Base": 5
          },
          "InAir": {
            "Base": 9
          },
          "Hovering": {
            "Base": 5
          }
        },
        "ADS": {
          "Standing": 0,
          "Crouching": 0,
          "InAir": 6,
          "Hovering": 0.6
        }
      }
    },
    "Graffiti": {
      "Type": "Hopup",
      "Name": "Graffiti",
      "Ammo": {
        "Type": "Light",
        "MagazineSize": {
          "Base": 37,
          "Common": 42,
          "Rare": 47,
          "Epic": 52,
          "Legendary": 52
        }
      },
      "Firing": {
        "FireMode": "Automatic",
        "FireRate": {
          "Base": 9
        },
        "Shot": {
          "Projectiles": 1,
          "AmmoConsumed": 1,
          "Speed": 27500,
          "DragCoefficient": 0.0033,
          "GravityMultiplier": 1.4,
          "MaxHeadshotDistance": 2250,
          "ProjectileSize": {
            "InitialSize": 0
          },
          "Damage": {
            "Amount": {
              "Near": 21
            },
            "Distance": {
              "Near": 1500,
              "Far": 2500,
              "VeryFar": 4000
            },
            "Multipliers": {
              "Flesh": 1,
              "Shield": 1,
              "Head": 1.25,
              "Leg": 0.85,
              "CriticalHit": 1.5
            }
          },
          "RecoilPattern": [
            {
              "X": 0,
              "Y": 0
            },
            {
              "X": -0.1,
              "Y": 0.608
            },
            {
              "X": -0.15,
              "Y": 0.8
            },
            {
              "X": -0.47,
              "Y": 1.184
            },
            {
              "X": -0.68,
              "Y": 1.4640001
            },
            {
              "X": -0.79,
              "Y": 1.832
            },
            {
              "X": -0.78,
              "Y": 2.2
            },
            {
              "X": -0.63,
              "Y": 2.3040001
            },
            {
              "X": -0.31,
              "Y": 2.224
            },
            {
              "X": -0.22,
              "Y": 2.16
            },
            {
              "X": -0.09,
              "Y": 2.2879999
            },
            {
              "X": -0,
              "Y": 2.552
            },
            {
              "X": -0.15,
              "Y": 2.632
            },
            {
              "X": -0.48,
              "Y": 2.808
            },
            {
              "X": -0.65,
              "Y": 2.864
            },
            {
              "X": -0.97,
              "Y": 2.8
            },
            {
              "X": -1.11,
              "Y": 2.856
            },
            {
              "X": -1.17,
              "Y": 3.168
            },
            {
              "X": -1.28,
              "Y": 3.4720001
            },
            {
              "X": -1.51,
              "Y": 3.648
            },
            {
              "X": -1.81,
              "Y": 3.72
            },
            {
              "X": -1.94,
              "Y": 3.744
            },
            {
              "X": -1.9,
              "Y": 3.9680002
            },
            {
              "X": -1.67,
              "Y": 4.096
            },
            {
              "X": -1.52,
              "Y": 4.2000003
            },
            {
              "X": -1.26,
              "Y": 4.328
            },
            {
              "X": -0.99,
              "Y": 4.4080005
            },
            {
              "X": -0.73,
              "Y": 4.328
            },
            {
              "X": -0.62,
              "Y": 4.512
            },
            {
              "X": -0.47,
              "Y": 4.7599998
            },
            {
              "X": -0.48,
              "Y": 5.0080004
            }
          ]
        }
      },
      "Handling": {
        "TacReloadTime": {
          "Base": 2.72,
          "Common": 2.63024,
          "Rare": 2.53776,
          "Epic": 2.448
        },
        "FullReloadTime": {
          "Base": 3.36,
          "Common": 3.24912,
          "Rare": 3.13488,
          "Epic": 3.024
        },
        "PickupTime": 1.45,
        "EquipTime": {
          "Base": 0.56,
          "Common": 0.476,
          "Rare": 0.448,
          "Epic": 0.42
        },
        "HolsterTime": {
          "Base": 0.525,
          "Common": 0.44625,
          "Rare": 0.42,
          "Epic": 0.39375
        },
        "RaiseTime": {
          "Base": 0.48749998,
          "Common": 0.43875,
          "Rare": 0.41438,
          "Epic": 0.39
        },
        "LowerTime": {
          "Base": 0.45000002,
          "Common": 0.405,
          "Rare": 0.3825,
          "Epic": 0.36
        },
        "ZoomInTime": {
          "Base": 0.238,
          "Common": 0.2023,
          "Rare": 0.1904,
          "Epic": 0.1785
        },
        "ZoomOutTime": {
          "Base": 0.21000001,
          "Common": 0.1785,
          "Rare": 0.168,
          "Epic": 0.1575
        },
        "AdsMovementSpeedMultiplier": 0.4
      },
      "Spread": {
        "DecayDelay": {
          "Base": 0.3
        },
        "DecayRate": {
          "Base": 12
        },
        "MovingIncreaseRate": {},
        "MovingDecayRate": {},
        "Hipfire": {
          "Standing": {
            "Base": 4.5
          },
          "Walking": {
            "Base": 6.4799995
          },
          "Sprinting": {
            "Base": 7.5
          },
          "Crouching": {
            "Base": 5
          },
          "InAir": {
            "Base": 9
          },
          "Hovering": {
            "Base": 5
          }
        },
        "ADS": {
          "Standing": 0,
          "Crouching": 0,
          "InAir": 6,
          "Hovering": 0.6
        }
      }
    }
  }
}